date,Ambagiorgis Sch,Aymba,Chewahit,Gondar A.P.,Maksegnit,Shembekit
01/01/2006,0,0,0,0,0,0
02/01/2006,0,0,0,0,0,0
03/01/2006,0,0,0,0,0,0
04/01/2006,0,0,0,0,0,0
05/01/2006,0,0,0,0,0,0
06/01/2006,0,0,0,0,0,0
07/01/2006,0,0,0,0,0,0
08/01/2006,0,0,0,0,0,0
09/01/2006,0,0,0,0,0,0
10/01/2006,0,0,0,0,0,0
11/01/2006,0,0,0,0,0,0
12/01/2006,0,0,0,0,0,0
13/01/2006,0,0,0,0,0,0
14/01/2006,0,0,0,0,0,0
15/01/2006,0,0,0,0,0,0
16/01/2006,0,0,0,0,0,0
17/01/2006,0,0,0,0,0,0
18/01/2006,0,0,0,0,0,0
19/01/2006,0,0,0,0,0,0
20/01/2006,0,0,0,0,0,0
21/01/2006,0,0,0,0,0,0
22/01/2006,0,0,0,0,0,0
23/01/2006,0,0,0,0,0,0
24/01/2006,0,0,0,0,0,0
25/01/2006,0,0,0,0,0,0
26/01/2006,0,0,0,0,0,0
27/01/2006,0,0,0,0,0,0
28/01/2006,0,0,0,0,0,0
29/01/2006,0,0,0,0,0,0
30/01/2006,0,0,0,0,0,0
31/01/2006,0,0,0,0,0,0
01/02/2006,0,0,0,0,0,0
02/02/2006,0,0,0,0,0,0
03/02/2006,0,0,0,0,0,0
04/02/2006,0,0,1.3,0,0,0
05/02/2006,0,0,0,0,0,0
06/02/2006,0,0,0,0,0,0
07/02/2006,0,0,0,0,0,0
08/02/2006,0,0,0,0,0,0
09/02/2006,0,0,0,0,0,0
10/02/2006,0,0,0,0,0,0
11/02/2006,0,0,0,0,0,0
12/02/2006,0,0,0,0,0,0
13/02/2006,0,0,0,0,0,0
14/02/2006,0,0,0,0,0,0
15/02/2006,0,0,0,0,0,0
16/02/2006,0,0,0,0,0,0
17/02/2006,0,0,0,0,0,0
18/02/2006,0,0,0,0,0,0
19/02/2006,0,0,0,0,0,0
20/02/2006,0,0,0,0,0,0
21/02/2006,0,0,0,0,0,0
22/02/2006,0,0,0,0,0,0
23/02/2006,0,0,0,0,0,0
24/02/2006,0,0,0,0,0,0
25/02/2006,0,0,0,0,0,0
26/02/2006,0,0,0,0,0,0
27/02/2006,0,0,0,0,0,0
28/02/2006,0,0,0,0,0,0
01/03/2006,0,0,0,0,0,0
02/03/2006,0,0,0,0,0,0
03/03/2006,0,0,0,0,0,0
04/03/2006,0,0,0,0,0,0
05/03/2006,0,0,0,0,0,0
06/03/2006,0,0,0,0,0,0
07/03/2006,0,0,0,0,0,0
08/03/2006,0,0,0,0,0,0
09/03/2006,0,0,0,0,0,0
10/03/2006,0,0,0,0,0,0
11/03/2006,0,0,0,0,0,0
12/03/2006,0,0,0,0,2.4,0
13/03/2006,0,0,0,0.6,0,0
14/03/2006,0,0,0,0,0,0
15/03/2006,1.2,5.4,0,0,0,0
16/03/2006,15.1,0,0,7.6,0,0
17/03/2006,0,0,0,0,1,0
18/03/2006,0,0,0,2.6,0,0
19/03/2006,0,0,0,0,0,0
20/03/2006,0,0,0,0,0,0
21/03/2006,0,0,0,0,0,0
22/03/2006,0,0,0,0,0,0
23/03/2006,0,0,0,0,0,0
24/03/2006,0,0,0,0,6,0
25/03/2006,0,0,0,0,0,0
26/03/2006,0,0,0,0,0,0
27/03/2006,0,0,0,0,0,0
28/03/2006,0,0,0,0,0,0
29/03/2006,0,0,0,0,0,0
30/03/2006,0,0,0,0,0,0
31/03/2006,0,0,0,0,0,0
01/04/2006,0,0,0,0,0,0
02/04/2006,0,0,0,0,0,0
03/04/2006,0,0,0,0,0,0
04/04/2006,0,0,0,0,0,0
05/04/2006,0,0,0,0,0,0
06/04/2006,0,0,0,0,0,0
07/04/2006,0,0,0,0,0,0
08/04/2006,0,0,0,0,0,0
09/04/2006,0,0,0,0,0,0
10/04/2006,0,0,0.5,1.8,0.9,2.3
11/04/2006,10.1,0,0.2,3.6,0.7,11.4
12/04/2006,4.2,0,0,4.3,0,0.9
13/04/2006,0,0,0,0,0,0
14/04/2006,12,0,0,0,0,0
15/04/2006,0,3.5,0,0,0,0
16/04/2006,10.9,0,0,0,0,0
17/04/2006,0,0,0,0,0,0
18/04/2006,0,0,0,0,0,0
19/04/2006,8.7,0,2.4,7.2,0,0
20/04/2006,3.9,0,0,0,0,0
21/04/2006,0,0,0,0,0,0
22/04/2006,0,0,0,1.6,0,0
23/04/2006,0,0,0,0,3.2,0
24/04/2006,0,0,4.2,9.3,0.3,0
25/04/2006,0,0,0,0,16.7,0
26/04/2006,0,0,0,0,0,0
27/04/2006,0,0,0,0,0,0
28/04/2006,0,0,0,0,0,0
29/04/2006,0,0,0,0,0,0
30/04/2006,0,0,0,0,0,0
01/05/2006,0,0,,0,0,0
02/05/2006,7.6,0,,4.3,5.3,6.4
03/05/2006,0,10,,0,0.3,2.3
04/05/2006,0,0,,0.3,0,0
05/05/2006,0,0,,0,0,0
06/05/2006,0,5.3,,0,0.3,0
07/05/2006,0,20,,10.1,0.5,7.9
08/05/2006,7.6,0.5,,1.2,3.1,7.7
09/05/2006,0,10.5,,0,0,0.2
10/05/2006,0,0,,0,0,0
11/05/2006,0,8.5,,0,0,0
12/05/2006,0,10,,0,0,0
13/05/2006,0,7.5,,0,0,0
14/05/2006,2.7,8.4,,3.6,2.1,5.9
15/05/2006,8.6,0,,3.3,19.7,0
16/05/2006,0,6.4,,0.4,0,6.2
17/05/2006,0,20,,7.7,2.7,6.1
18/05/2006,5.6,15.5,,56.7,13.6,30.4
19/05/2006,12.4,5.5,,9.6,4.8,10.4
20/05/2006,0,4.3,,0.3,2.2,5.2
21/05/2006,22.1,10.4,,20.6,8,2.6
22/05/2006,0,9.5,,0,2.1,0.3
23/05/2006,2.5,18.5,,1.8,3.3,15
24/05/2006,7,5.2,,2.7,9,6.4
25/05/2006,17.8,3.5,,3.4,4.1,2.4
26/05/2006,0,0,,1.4,7.2,0
27/05/2006,0,0,,13.3,0,2.6
28/05/2006,4.5,0,,0.4,0,2.1
29/05/2006,0,10.5,,0,0,0
30/05/2006,17.6,0.5,,2.9,5.2,0
31/05/2006,15.9,10,,8.6,8.3,9.7
01/06/2006,0,0,12.5,0,0.2,6.2
02/06/2006,10.1,0,0,3.1,14,4.2
03/06/2006,0,15.5,46.1,0,9.8,0
04/06/2006,0,7.5,9.1,8.3,4.2,0
05/06/2006,0,0,17.5,0,0,0
06/06/2006,0,0,12.3,0,0,1.3
07/06/2006,0,0,0,0,2.7,2.1
08/06/2006,0,0,5.6,0,5.4,0
09/06/2006,0,0,0.8,0,4.7,0
10/06/2006,0,3.5,0,9.6,0,5.5
11/06/2006,25.5,5.4,12.1,1.8,0,0
12/06/2006,0,0,3.2,1.4,14.3,0
13/06/2006,0,0,14.7,2.3,5.7,0
14/06/2006,6.5,10.5,0,0,2.3,0
15/06/2006,0,17.4,0.4,0,0,0
16/06/2006,9.3,6.3,0,0.4,0,15.9
17/06/2006,6.7,5,0,2.2,0,11.6
18/06/2006,0,0,0.6,0,0.6,0
19/06/2006,0,0,6.8,0,0,6.9
20/06/2006,0,0,0,16.3,12.9,23.2
21/06/2006,0,7.3,1.2,0,3.8,0
22/06/2006,16.4,6.1,0.3,19.8,17.2,0.9
23/06/2006,0,8.5,15.1,0.7,2,0
24/06/2006,0,15.5,13.3,2.2,10.6,0
25/06/2006,0,20.4,0.4,0,0,2.4
26/06/2006,0,10,0,0,0,0
27/06/2006,0,8.5,0,0,0,2.4
28/06/2006,0,6.3,7.8,0.8,0,0
29/06/2006,13.6,0,7,9.7,23.1,0
30/06/2006,0,9.4,0,20.1,0,8.4
01/07/2006,0,10,1.6,1,2.7,0.2
02/07/2006,20.6,8.5,4.2,5,5,1.3
03/07/2006,3.5,15.3,0,3.7,1,0
04/07/2006,21.7,20.4,4.2,24,26.1,3.4
05/07/2006,16.5,10.6,2.4,11.7,19.7,7.2
06/07/2006,25.8,22.4,20.4,3.3,25,2.1
07/07/2006,13.4,15.6,5.3,1.3,6.7,0.1
08/07/2006,0,20.3,2.3,0.2,0.3,0
09/07/2006,7.6,10.2,19.2,4.2,7.3,4.2
10/07/2006,6.3,8.5,12.2,6.7,29.3,10.4
11/07/2006,23.9,0,20.5,3.8,13.2,12.5
12/07/2006,12.8,15.4,5.4,8.2,24.5,3.5
13/07/2006,6.7,18.5,9.1,4.4,38,6.8
14/07/2006,16.4,5,1.2,2.2,7.2,7.4
15/07/2006,3.9,19,2.5,0.2,0,3.2
16/07/2006,0,15.4,0,0.1,0,0.8
17/07/2006,2.6,18,4.5,9.2,10.3,6.9
18/07/2006,0,3.5,7.2,9.7,16,15.2
19/07/2006,6.8,20.5,21.6,7.2,3,12.6
20/07/2006,43,19.4,2.5,13.8,3.9,13.5
21/07/2006,4.2,0,0.6,6.7,15.1,0
22/07/2006,8.4,0,1.5,3.5,0.8,1.3
23/07/2006,0,5.2,0.5,0.8,18.9,2.8
24/07/2006,4.6,25,0.3,1.5,28.5,0
25/07/2006,0,30,2.3,0,9.2,0
26/07/2006,1.4,18.2,2.2,3.6,5.1,7.6
27/07/2006,0,10.3,4.2,27.4,4.8,3
28/07/2006,4.8,30.5,69.4,19.2,66.7,7.4
29/07/2006,14.5,20,27.6,65.5,25,28.2
30/07/2006,18,15.2,4.4,13.3,9.4,37.3
31/07/2006,22.6,18,2.6,30.1,14.1,21.5
01/08/2006,13.6,10,12.8,25,7.5,6.6
02/08/2006,16.5,25.4,2.9,0,1.7,0
03/08/2006,18.7,30.5,0,8.5,4.4,13.2
04/08/2006,5.3,6.2,21.1,11.6,7.9,47.2
05/08/2006,6.8,24.3,7.5,4.4,13,12.3
06/08/2006,36.5,8.1,3.6,3.1,6.8,2.9
07/08/2006,37.8,20.4,9.2,70.5,24.6,19.7
08/08/2006,15.3,18.2,27.5,20.1,16.8,35
09/08/2006,3.8,0,24.1,0.2,2.2,3.4
10/08/2006,16.5,30,1.9,54.2,3.9,14.2
11/08/2006,1.1,50,9.8,2.1,6.7,0
12/08/2006,25.2,15,9.2,9.3,5.9,7.2
13/08/2006,21.1,10,3.4,7.5,4,40.2
14/08/2006,0,20,5.4,4.6,0,5.8
15/08/2006,11.4,30.2,0.1,11.2,7.5,9.6
16/08/2006,28.6,10.3,3.5,15.9,17.5,4.3
17/08/2006,10.3,18,6.2,1.3,5,33.5
18/08/2006,10.7,15,7.6,14.5,0,24.1
19/08/2006,5.6,0,2.6,5.9,3.5,2.2
20/08/2006,11.5,30,4.3,3.1,2.5,14.5
21/08/2006,15.8,15.3,7.6,6.4,0,2
22/08/2006,5.3,10.4,8.1,1.1,11,20.1
23/08/2006,10.2,20.3,4.9,16.8,6,7.3
24/08/2006,14.8,18.1,14.8,4.7,16,21.2
25/08/2006,8.3,0,7.9,4.9,10.1,7.3
26/08/2006,18.2,9,1.4,4.5,1.4,23.2
27/08/2006,0,0,1.4,5.4,0,9.7
28/08/2006,0,8.5,4.1,0,0,14.6
29/08/2006,9.8,20.3,0,6.8,0.3,0.3
30/08/2006,1.6,10.8,5.7,5.1,46.4,13.3
31/08/2006,19.9,20.6,16,10.4,33,11.3
01/09/2006,0,20.3,34.2,7.7,11,2.4
02/09/2006,0,15,2.4,47.4,21.6,0
03/09/2006,0,30,2.4,2.6,3,0
04/09/2006,10.8,20,5.7,4.4,22.8,0
05/09/2006,8.5,10.4,12.2,9.8,30,0
06/09/2006,3.4,8,3.6,12.8,6,0
07/09/2006,0,12.3,4.8,6.7,8.1,0
08/09/2006,6.5,0,0,0,2,0
09/09/2006,4.8,0,0,0,0,0
10/09/2006,0,6.4,17.6,0,0,0
11/09/2006,0,0.5,13.2,11.1,2.8,0
12/09/2006,0,0,6.9,3,0,0
13/09/2006,6.2,0,0,0.4,0,0
14/09/2006,0,0,0,0,0,0
15/09/2006,0,15,1.8,0.4,0,0
16/09/2006,0,0,16.2,1.5,0,0
17/09/2006,0,0,0.3,0,0.5,0
18/09/2006,0,0,0.3,16.9,0.3,11.4
19/09/2006,0,0,0.3,1.5,0,0
20/09/2006,0,20.3,2.7,0,0,0
21/09/2006,0,15.4,13.2,0,0,0
22/09/2006,0,0,0.8,35.1,2.3,0
23/09/2006,0,0,0,0.3,0.4,0
24/09/2006,0,12.3,0.1,0,0,0
25/09/2006,0,0,2.9,1.4,0,3.2
26/09/2006,0,30,0,12.3,1.4,0
27/09/2006,0,0,11.6,5.1,5.5,16.2
28/09/2006,0,15.2,17.3,7.5,2,0
29/09/2006,0,0,15.5,4.6,0,0
30/09/2006,0,0,0,0,0,0
01/10/2006,0,0,4.7,0,0,4.3
02/10/2006,0,13.3,7,17.5,22,0
03/10/2006,0,12.4,0,3.4,11.6,0
04/10/2006,0,0,0,15.2,0,0
05/10/2006,0,0,13.7,0,0,0
06/10/2006,0,0,24.3,0,0,0
07/10/2006,0,0,3.4,0,0,10.5
08/10/2006,1.3,15.3,0,0.6,0,25.6
09/10/2006,0,0,0,1.4,0,15.4
10/10/2006,0,0,0,2,0,0
11/10/2006,0,0,1.3,0,0,0
12/10/2006,0,20.3,0,0,0,0
13/10/2006,0,0,8.5,0,0,0
14/10/2006,0,0,0,6.1,0,0
15/10/2006,0,0,0,0,0,0
16/10/2006,0,0,0,0,0,0
17/10/2006,0,0,0,0.1,0,1.3
18/10/2006,0,0,0.5,0,0,0
19/10/2006,0,0,0,0,0,0
20/10/2006,0,0,0,0,0,0
21/10/2006,0,10.3,0,0,0,0
22/10/2006,0,0,0.4,0,0,0
23/10/2006,0,0,1.5,0,0,0
24/10/2006,0,0,0,0,0,0
25/10/2006,0,0,5.4,0,0,0
26/10/2006,0,0,0.3,0,0,0.3
27/10/2006,28.6,0,19.5,5.1,29,12.3
28/10/2006,8.9,17.5,0,0,0,0
29/10/2006,6.7,0,0,35.3,0,33.2
30/10/2006,0,0,0,0,2,0
31/10/2006,0,0,0,0,0,0
01/11/2006,0,0,0,0,0,0
02/11/2006,0,0,0,0,0,0
03/11/2006,0,0,0,0,0,0
04/11/2006,0,0,0,0,0,0
05/11/2006,0,0,0,0,0,0
06/11/2006,0,0,0,0,0,0
07/11/2006,0,0,0,0,0,0
08/11/2006,0,0,0,0,0,0
09/11/2006,0,0,0,0,0,0
10/11/2006,0,0,0,0,2,0
11/11/2006,0,0,0,0,0,0
12/11/2006,0,0,0,0,0,0
13/11/2006,0,0,0,0,0,0
14/11/2006,0,0,0,0,0,0
15/11/2006,0,0,0,0,0,0
16/11/2006,0,0,0,0,0,0
17/11/2006,0,0,0,0,0,0
18/11/2006,0,0,0,0,0,0
19/11/2006,0,0,0,0,0,0
20/11/2006,0,0,0,0,0,0
21/11/2006,0,0,0,0,0,0
22/11/2006,0,0,0,0,0,0
23/11/2006,5.4,0,0,0,11.6,11.4
24/11/2006,0,0,0,4.2,0,0
25/11/2006,0,0,0,0,0,0
26/11/2006,0,0,0,0,0,0
27/11/2006,0,0,0,0,0,0
28/11/2006,0,0,0,0,0,0
29/11/2006,0,0,0,0,0,0
30/11/2006,0,0,0,0,,0
01/12/2006,0,0,12.7,0,0,0
02/12/2006,0,0,5.6,0.2,0,0
03/12/2006,0,0,0,1.7,0,0
04/12/2006,0,0,12.2,24.7,0,0
05/12/2006,0,0,0,2.4,0,0
06/12/2006,0,0,0,0,0,0
07/12/2006,0,0,0,0,0,0
08/12/2006,0,0,0,6,5.3,0
09/12/2006,0,0,0,0,0,0
10/12/2006,0,0,0,0,0,0
11/12/2006,0,0,0,0,0,0
12/12/2006,0,0,0,0,0,0
13/12/2006,0,0,0,0,0,0
14/12/2006,0,0,0,0,0,0
15/12/2006,0,0,0,0,0,0
16/12/2006,,0,0,0,0,0
17/12/2006,,0,0,0,0,0
18/12/2006,0,0,0,0,0,0
19/12/2006,0,0,0,0,0,0
20/12/2006,0,0,0,0,0,0
21/12/2006,0,0,0,0,0,0
22/12/2006,0,0,0,0,0,0
23/12/2006,0,0,0,0,0,0
24/12/2006,0,0,0,0,0,0
25/12/2006,0,0,0,0,0,0
26/12/2006,0,0,0,0,0,0
27/12/2006,0,0,0,0,0,0
28/12/2006,0,0,0,0,0,0
29/12/2006,0,0,0,0,0,0
30/12/2006,0,0,0,0,0,0
31/12/2006,0,0,0,0,0,0
01/01/2007,0,0,0,0,0,0
02/01/2007,0,0,0,0,0,0
03/01/2007,0,0,0,0,0,0
04/01/2007,0,0,0,0,0,0
05/01/2007,0,0,0,0,0,0
06/01/2007,0,0,0,0,0,0
07/01/2007,0,0,0,0,0,0
08/01/2007,0,0,0,0,0,0
09/01/2007,0,0,0,0,0,0
10/01/2007,0,0,0,0,0,0
11/01/2007,0,0,0,0,0,0
12/01/2007,0,0,0,0,0,0
13/01/2007,0,0,0,0,0,0
14/01/2007,0,0,0,0,0,0
15/01/2007,0,0,0,0,0,0
16/01/2007,0,0,0,0,0,0
17/01/2007,0,0,0,0,0,0
18/01/2007,0,0,0,0,0,0
19/01/2007,0,0,0,0,0,0
20/01/2007,0,0,0,0,0,0
21/01/2007,0,0,0,0,0,0
22/01/2007,0,0,0,0,0,0
23/01/2007,0,0,0,0,0,0
24/01/2007,0,0,0,0,0,0
25/01/2007,0,0,0,0,0,0
26/01/2007,0,0,0,0,0,0
27/01/2007,0,0,0,0,0,0
28/01/2007,0,0,0,0,0,0
29/01/2007,0,0,0,0,0,0
30/01/2007,0,0,0,0,0,0
31/01/2007,0,0,0,0,0,0
01/02/2007,0,0,0,0,0,0
02/02/2007,0,0,0,0,0,4.5
03/02/2007,0,0,0,0,0,0
04/02/2007,0,0,0,0,0,0
05/02/2007,0,0,0,0,0,0
06/02/2007,0,0,0,0,0,10.3
07/02/2007,0,0,0,0,0,4.6
08/02/2007,0,0,0,0,0,8.4
09/02/2007,0,0,0,0,0,0
10/02/2007,0,0,0,0,0,0
11/02/2007,0,0,0,0,0,0
12/02/2007,0,0,0,0,0,0
13/02/2007,0,0,0,0,0,0
14/02/2007,0,0,0,0,0,0
15/02/2007,0,0,0,0,0,0
16/02/2007,0,0,0,0,0,0
17/02/2007,0,0,0,0,0,0
18/02/2007,0,0,0,0,0,0
19/02/2007,0,0,0,0,0,0
20/02/2007,0,0,0,0,0,0
21/02/2007,0,0,0,0,0,0
22/02/2007,0,0,0,0,0,9.4
23/02/2007,0,0,0,0,0,1.3
24/02/2007,0,0,0,0,0,0
25/02/2007,0,0,0,0,0,0
26/02/2007,0,0,0,0,0,0
27/02/2007,0,0,0,0,0,0
28/02/2007,0,0,0,0,0,0
01/03/2007,0,0,0,0,0,0
02/03/2007,0,0,0,0,0,0
03/03/2007,0,0,0,1.1,0,0
04/03/2007,0,0,0,0,0,0
05/03/2007,0,0,0,0,0,0
06/03/2007,0,0,0,0,0,0
07/03/2007,0,0,0,0,0,0
08/03/2007,0,0,0,0,0,0
09/03/2007,0,0,0,0,0,0
10/03/2007,0,0,0,0,0,0
11/03/2007,0,0,0,0,0,0
12/03/2007,0,0,0,0,0,0
13/03/2007,0,0,0,0,0,0
14/03/2007,0,0,0,0,0,0
15/03/2007,0,0,0,0,0,0
16/03/2007,0,0,0,0,0,0
17/03/2007,0,0,0,0,0,0
18/03/2007,0,0,0,0,0,0
19/03/2007,0,0,0,0,0,0
20/03/2007,0,0,0,0,0,0
21/03/2007,0,0,0,0,0,0
22/03/2007,0,8.5,0,0,0,0
23/03/2007,0,0,0,0,0,0
24/03/2007,0,0,0,0,1.2,0
25/03/2007,0,7.4,2.1,0,0,0
26/03/2007,80.4,0,5.6,0,0,0
27/03/2007,11.7,0,0,0,1,7.4
28/03/2007,11.5,0,0,0,0,12.6
29/03/2007,0,0,0,0,0,2.2
30/03/2007,0,0,0,0,0,0
31/03/2007,0,0,0,0,0,0
01/04/2007,0,0,0,0,0,2.4
02/04/2007,0,0,0,0,0,1.5
03/04/2007,0,0,0,9.3,6.2,0
04/04/2007,0,0,15.5,0,0,0
05/04/2007,0,0,0,0,1.3,0
06/04/2007,0,0,2.3,2.6,0,0
07/04/2007,0,0,0,0.7,0,0
08/04/2007,0,0,12.9,2,3.6,0
09/04/2007,3.6,0,0,1.3,0,0
10/04/2007,0,0,0.2,1.6,2.8,0
11/04/2007,15,0,0,0.3,0.3,0
12/04/2007,0,0,0,0,0,0
13/04/2007,0,0,0,0,0,0
14/04/2007,0,0,0,0,0,0
15/04/2007,0,0,0,0,0,0
16/04/2007,0,0,0,0,0,0
17/04/2007,0,0.5,0,0,0,0
18/04/2007,0,0,0,0,0,0
19/04/2007,0,0,0,0,0,0
20/04/2007,0,0,0,0,0,0
21/04/2007,8.1,0,0,9.9,0,0
22/04/2007,0,4.3,0,0,0,0
23/04/2007,0,0,0,0,0,0
24/04/2007,0,0,0,0,1.7,0
25/04/2007,0,0,20.2,0.7,0,0
26/04/2007,2.1,0,0,14,5.6,0
27/04/2007,0,5.3,8.8,0,0,4.6
28/04/2007,0,0,0,0.4,2.8,0
29/04/2007,5.7,0,0,2.3,0.7,10.8
30/04/2007,2.3,0,,0,0,0
01/05/2007,3,0,0,0,0,0
02/05/2007,0,0,0,0,0,0
03/05/2007,0,8.5,0,0,0,0
04/05/2007,6.6,0,9.7,4,0,4.7
05/05/2007,0,0,4.7,6.9,0,7.3
06/05/2007,6.7,0,9.6,0,4.8,4.7
07/05/2007,8.9,0,0.8,3.8,0.3,0.8
08/05/2007,0,6.4,5.6,3.1,0,4.2
09/05/2007,5.6,0,0,2.4,23.6,3.5
10/05/2007,3.8,0,0,0,0,0
11/05/2007,0,0,0,3.2,1.5,0
12/05/2007,3.2,0,18,0.3,0,4.6
13/05/2007,1.4,0,0,0.4,0,0
14/05/2007,0,0,1.8,0.5,0,0
15/05/2007,0,0,0,0,0,0
16/05/2007,0,8.4,0,0,0,0
17/05/2007,0,0,0,0,0,0
18/05/2007,0,0,24.8,0,0,0
19/05/2007,0,0,1.3,0,1,0
20/05/2007,0,0.5,0,0,0,0
21/05/2007,0,0,2.9,3,2.3,3.5
22/05/2007,0,0,0,0,4.7,0
23/05/2007,0,0,0,0,0,16.5
24/05/2007,0,0,2.9,0.4,0,10
25/05/2007,21.4,0,0.8,9.1,1.3,4.4
26/05/2007,16.7,16.3,9.7,2.5,0,0
27/05/2007,0,0,0,39.2,8.8,0
28/05/2007,10.3,6.3,1.5,2.3,3.3,10.3
29/05/2007,16.2,5.4,17.7,9.6,7.4,8.4
30/05/2007,6.4,0,7.3,10.2,1.2,6.7
31/05/2007,3.8,3.4,10.9,0.7,4.7,0
01/06/2007,2.4,0,0,5,0,0
02/06/2007,0,0,0,2.1,0.3,4.2
03/06/2007,0,0,7.6,17.3,33.2,0
04/06/2007,3.6,8.5,0,0,0,0
05/06/2007,0,15.3,0,0,0,3.2
06/06/2007,0,8.4,21.4,0,13.4,0
07/06/2007,14.5,6.4,0,3.2,0,0
08/06/2007,0,0,0.8,0.2,0,0
09/06/2007,1.4,0,5.1,0,6.3,2.6
10/06/2007,0,0,25.4,0,0,7.3
11/06/2007,0,0,0,0,0,6.8
12/06/2007,0,0,1.5,8.8,2.9,8.4
13/06/2007,5.5,46.3,0,0.2,1,0
14/06/2007,0,2.5,6.4,20.7,6.1,0
15/06/2007,0,15.2,0,0,0,0
16/06/2007,6,0,3.4,1,16.4,0
17/06/2007,0,0,5.2,0,0,0
18/06/2007,0,0,22.9,0,7.1,0
19/06/2007,0,0,3.7,0,6.6,3.8
20/06/2007,0,0,1,48.1,1.7,2.4
21/06/2007,12.2,0,12.6,0,1.3,12.8
22/06/2007,14,16.3,12.7,19.2,18.6,0.4
23/06/2007,14.1,6.5,6.4,20.1,0,15.4
24/06/2007,13.6,0,16.2,19.5,2.1,5.5
25/06/2007,3.8,0,26.3,0.3,11.8,13.2
26/06/2007,21.8,0,16.2,6.7,24.4,3.8
27/06/2007,23.6,0,7.6,3,0,0.1
28/06/2007,16.3,16.3,0.7,0,0.6,10.2
29/06/2007,24.2,0,0.7,2.5,10,0
30/06/2007,14.4,5.4,2.5,4.5,6.6,4.2
01/07/2007,21.7,0,0,1.2,7.2,4.2
02/07/2007,13.5,15.4,14.3,31.2,58.8,27.3
03/07/2007,16.6,16.3,5.8,5.4,2,12.7
04/07/2007,5.3,0,8.8,28,38.7,44.4
05/07/2007,8.4,5.3,3.8,2.5,7.2,4.5
06/07/2007,3.7,10.4,1.2,6.1,4.8,3.5
07/07/2007,0,0,0,1.1,5.6,14.4
08/07/2007,25.4,8.5,9.4,12.2,11,28.2
09/07/2007,6.8,6.2,1.6,4,15.6,5.4
10/07/2007,0,0,0,0,0,3.4
11/07/2007,12.6,0,0.8,4.1,1.3,3.8
12/07/2007,30.3,25.3,1.8,2.6,3,27.4
13/07/2007,8.4,0,2.6,15.5,13.9,4.5
14/07/2007,10.8,0,0.6,2.3,22.1,7.7
15/07/2007,0,8.5,0,0.2,1.4,4.8
16/07/2007,3.6,6.4,16.3,11,19.1,0.7
17/07/2007,30.1,0,22.6,20.4,16.4,23.4
18/07/2007,7,0,5.8,20.5,0.4,16.5
19/07/2007,4.8,0,3.6,0,14.6,23.8
20/07/2007,15.4,15.4,13.4,2.2,38.4,3.7
21/07/2007,0,6.7,11,14.8,3.5,4.7
22/07/2007,8.4,3.2,9.1,4.1,8.9,1.5
23/07/2007,5.3,14.5,1.5,9.7,7.8,3.3
24/07/2007,9.5,6.3,2.8,43.1,18.2,5.7
25/07/2007,4.8,12.2,2.9,0.2,0,15
26/07/2007,23,5.5,19.3,4.2,0,2.4
27/07/2007,7.9,10.3,1.9,2.2,2.5,13.2
28/07/2007,19.7,6.4,42.2,40.5,19.3,16.4
29/07/2007,13.8,0,0.2,3.1,0.4,3
30/07/2007,6.4,15.3,23.4,17,5.7,13
31/07/2007,15.6,5.3,6.5,12.1,5.6,14
01/08/2007,9.3,10.8,2.8,6.5,10.1,7.2
02/08/2007,32.4,6.4,13.7,17.1,16.8,3.2
03/08/2007,22,8.2,12.6,10.1,2.4,10.3
04/08/2007,19.4,16.5,8.2,6.8,9.5,19.8
05/08/2007,13.5,0,24.9,16.3,3,37
06/08/2007,17,10.6,0.2,0.2,0.5,36.8
07/08/2007,6.7,18.4,16.9,22.3,8.9,0
08/08/2007,13.5,10.7,5.2,0,0,21.2
09/08/2007,2.7,1.5,3.9,11,3.5,21.3
10/08/2007,9.1,8.3,12.4,34.7,13.9,1.5
11/08/2007,0,8.3,1.8,3.5,16.8,1.7
12/08/2007,6.6,33.2,0.4,29.7,1.2,3.5
13/08/2007,9.5,0,0,4.7,0,1.7
14/08/2007,3.4,12.5,1.4,3.9,0,4.4
15/08/2007,37,8.7,39,25.1,28.3,25.5
16/08/2007,0,4.3,1.4,0,0.8,83.5
17/08/2007,2.6,19.6,1.7,0.3,0,1.5
18/08/2007,0,6.5,6.6,0.5,10.7,9.8
19/08/2007,4.8,5,11.1,5.7,20.5,18
20/08/2007,16.3,0,6.8,17.4,10.2,10.6
21/08/2007,2.7,0,0,0.2,1.4,21.3
22/08/2007,0,5.2,17,26.2,21.2,2
23/08/2007,0,0,45.3,18.4,19.3,13.5
24/08/2007,2.5,20.3,1.7,8.7,1.4,4.3
25/08/2007,0,14.3,0,0,0,0
26/08/2007,0,4.2,0,0,0,0
27/08/2007,46.6,3,21.1,39.8,12.3,0
28/08/2007,3.4,16.5,0,9.8,2.6,19.2
29/08/2007,41.8,10.5,13.6,20.9,35.2,4.3
30/08/2007,28.4,20.3,1.4,0,3.4,7.2
31/08/2007,33.3,10.5,6.8,15.3,13.7,10.3
01/09/2007,20.2,0,0,1.7,1.6,16.4
02/09/2007,15,15.3,9.8,11.7,4,0
03/09/2007,6.8,30.5,5.9,20.5,6.8,6.2
04/09/2007,2.3,10.8,4.6,2,4.1,53.2
05/09/2007,8.9,0,0.2,0,0,1.2
06/09/2007,17.5,5.7,9.7,14.3,10.7,0
07/09/2007,3.4,0,0.3,0.9,4.9,10.8
08/09/2007,15.8,20.3,6.6,4.5,21.6,1.8
09/09/2007,20,10.8,9.1,8.8,1,9.5
10/09/2007,18,4.2,8.2,2.4,18.3,6.1
11/09/2007,1.3,10.5,0,6.1,0,1.5
12/09/2007,2.6,0,3.7,20.9,6.3,0
13/09/2007,0,0,0,0,15.9,28.2
14/09/2007,0,8.5,0,0,0,0
15/09/2007,0,8.4,0,0,0,0.5
16/09/2007,0,4.6,1.3,15.8,0,0
17/09/2007,0,0,0,0,0,1.4
18/09/2007,0,0,0,0,0,0
19/09/2007,0,1.3,9.8,1.2,0,0
20/09/2007,0,10.8,0,0,0,0
21/09/2007,0,6.6,0,0,0,0
22/09/2007,0,0,4.4,0,0,0
23/09/2007,0,0,6.8,0,0,0
24/09/2007,0,0,0.3,0,0,0
25/09/2007,0,0,0.8,1.6,0,0
26/09/2007,0,0,40.5,1.7,1.3,0
27/09/2007,0,16.4,0,0,0,0
28/09/2007,0,30,0,0,0,0
29/09/2007,0,27.7,0.1,0,0,0
30/09/2007,0,5.4,4,12.5,0,0
01/10/2007,0,0,0,6.1,0,0
02/10/2007,0,0,0,0,0,0
03/10/2007,0,4.5,0,0,0,0
04/10/2007,0,5.3,0,0,0,0
05/10/2007,0,0,0,7.4,0,0
06/10/2007,0,25.6,0,0,0,0
07/10/2007,0,30.3,0,0,0,0
08/10/2007,0,5.4,0,0,0,0
09/10/2007,0,0,0,0,0,12.3
10/10/2007,0,15.3,0,0,0,9.5
11/10/2007,0,8.4,0,0,0,0
12/10/2007,0,0,0,0,0,0
13/10/2007,0,0,0,0,0,0
14/10/2007,0,0,0,0,0,0
15/10/2007,0,0,6,6.4,4.5,0
16/10/2007,0,50.5,1.2,7.3,16.5,0
17/10/2007,0,7.5,0,0,0,0
18/10/2007,0,25.6,0,1.6,0,0
19/10/2007,0,0,1.1,0,0,0
20/10/2007,0,0,0,0,0,0
21/10/2007,0,0,0,0,0,0
22/10/2007,0,0,0,0,0,0
23/10/2007,0,0,0,0,0,0
24/10/2007,0,0,0,0,0,0
25/10/2007,0,0,0,0,0,4.1
26/10/2007,0,0,0,0,0,3.4
27/10/2007,0,0,0,0,0,0
28/10/2007,0,0,0,0,0,0
29/10/2007,0,0,0,0,0,0
30/10/2007,10.9,0,0,1.7,0,0
31/10/2007,0,0,0,0,0,0
01/11/2007,0,2.5,0,0,2.5,4.5
02/11/2007,4,0,0,0,0,3.7
03/11/2007,8.6,5.6,4,0.3,0.6,0
04/11/2007,15.3,0,12.8,0,2.8,0
05/11/2007,0,0,0,0,0,0
06/11/2007,0,0,0,0,0,0
07/11/2007,0,0,0.4,0,0,0
08/11/2007,0,0,0,0,0,0
09/11/2007,0,0,0,0,0,0
10/11/2007,0,0,0,0,0,0
11/11/2007,0,0,0,0,0,0
12/11/2007,0,0,0,0,0,0
13/11/2007,0,0,0,0,0,0
14/11/2007,0,0,0,0,0,0
15/11/2007,0,0,0,0,0,0
16/11/2007,0,0,0,0,0,0
17/11/2007,0,0,0,0,0,0
18/11/2007,0,0,0,0,0,0
19/11/2007,0,0,0,0,0,0
20/11/2007,0,0,0,0,0,0
21/11/2007,0,0,0,0,0,0
22/11/2007,0,0,0,0,0,0
23/11/2007,0,0,0,0,0,0
24/11/2007,0,0,0,0,1,0
25/11/2007,0,0,0,0,0,0
26/11/2007,0,0,6.8,0,0,0
27/11/2007,0,0,7.4,0,0,0
28/11/2007,0,0,0,0,0,0
29/11/2007,0,0,0,0,0,0
30/11/2007,0,0,0,0,0,0
01/12/2007,0,0,0,0,0,0
02/12/2007,0,0,0,0,0,0
03/12/2007,0,0,0,0,0,0
04/12/2007,0,0,0,0,0,0
05/12/2007,0,0,0,0,0,0
06/12/2007,0,0,0,0,0,0
07/12/2007,0,0,0,0,0,0
08/12/2007,0,0,0,0,0,0
09/12/2007,0,0,0,0,0,0
10/12/2007,0,0,0,0,0,0
11/12/2007,0,0,0,0,0,0
12/12/2007,0,0,0,0,0,0
13/12/2007,0,0,0,0,0,0
14/12/2007,0,0,0,0,0,0
15/12/2007,0,0,0,0,0,0
16/12/2007,0,0,0,0,0,0
17/12/2007,0,0,0,0,0,0
18/12/2007,0,0,0,0,0,0
19/12/2007,0,0,0,0,0,0
20/12/2007,0,0,0,0,0,0
21/12/2007,0,0,0,0,0,0
22/12/2007,0,0,0,0,0,0
23/12/2007,0,0,0,0,0,0
24/12/2007,0,0,0,0,0,0
25/12/2007,0,0,0,0,0,0
26/12/2007,0,0,0,0,0,0
27/12/2007,0,0,0,0,0,0
28/12/2007,0,0,0,0,0,0
29/12/2007,0,0,0,0,0,0
30/12/2007,0,0,0,0,0,0
31/12/2007,0,0,0,0,0,0
01/01/2008,0,0,0,0,0,0
02/01/2008,0,0,5.9,0,0,0
03/01/2008,0,0,0,0,0,0
04/01/2008,0,0,2.8,0,0,0
05/01/2008,0,0,0,0,0,0
06/01/2008,0,0,0,0,0,0
07/01/2008,0,0,0,0,0,0
08/01/2008,0,0,0,0,0,0
09/01/2008,0,0,0,0,0,0
10/01/2008,0,0,1.3,0,0,0
11/01/2008,0,0,0,0,0,0
12/01/2008,0,0,0,0,0,0
13/01/2008,0,0,0,2.6,0,8.8
14/01/2008,0,0,22.8,0,0,0
15/01/2008,0,0,0.7,0,0,0
16/01/2008,0,0,3.8,0,0,0
17/01/2008,3.4,0,4.3,1.5,1.5,4.2
18/01/2008,0,0,14,0,0,0
19/01/2008,0,0,7.2,0,0,0
20/01/2008,0,0,3.9,0,0,0
21/01/2008,0,2,5.8,0,0,0
22/01/2008,0,3.4,1.1,0.7,0,0
23/01/2008,0,0,0.3,1,5.7,1.3
24/01/2008,0,0,5.8,0,0,0
25/01/2008,6,0,0,0,0,0
26/01/2008,0,0,5,0,0,0
27/01/2008,0,0,0.3,0,0,0
28/01/2008,0,0,5.2,0,0,0
29/01/2008,0,0,0,0,0,0
30/01/2008,0,0,5.6,0,0,0
31/01/2008,0,0,0,0,0,0
01/02/2008,0,0,0,0,0,0
02/02/2008,0,0,0,0,0,0
03/02/2008,0,0,0,0,0,0
04/02/2008,0,0,0,0,0,0
05/02/2008,0,0,0,0,0,0
06/02/2008,0,0,0,0,0,0
07/02/2008,0,0,0,0,0,0
08/02/2008,0,0,0,0,0,0
09/02/2008,0,0,0,0,0,0
10/02/2008,0,0,0,0,0,0
11/02/2008,0,0,0,0,0,0
12/02/2008,0,0,0,0,0,0
13/02/2008,0,0,0,0,0,0
14/02/2008,0,0,0,0,0,0
15/02/2008,0,0,0,0,0,0
16/02/2008,0,0,0,0,0,0
17/02/2008,2.5,0,0,0,0,0
18/02/2008,0,0,0,0,0,0
19/02/2008,0,0,0,0,0,0
20/02/2008,0,0,0,0,0,0
21/02/2008,0,0,0,0,0,0
22/02/2008,0,0,0,0,0,0
23/02/2008,0,0,0,0,0,0
24/02/2008,0,0,0,0,0,0
25/02/2008,0,0,0,0,0,0
26/02/2008,0,0,0,0,0,0
27/02/2008,0,0,0,0,0,0
28/02/2008,0,0,0,0,0,0
29/02/2008,0,0,0,0,0,0
01/03/2008,0,0,0,0,0,0
02/03/2008,0,0,0,0,0,0
03/03/2008,0,0,0,0,0,0
04/03/2008,0,0,0,0,0,0
05/03/2008,0,0,0,0,0,0
06/03/2008,0,0,0,0,0,0
07/03/2008,0,0,0,0,0,0
08/03/2008,0,0,0,0,0,0
09/03/2008,0,0,0,0,0,0
10/03/2008,0,0,0,0,0,0
11/03/2008,0,0,0,0,0,0
12/03/2008,0,0,0,0,0,0
13/03/2008,0,0,0,0,0,0
14/03/2008,0,0,0,0,0,0
15/03/2008,0,0,0,0,0,0
16/03/2008,0,0,0,0,0,0
17/03/2008,0,0,0.1,0,0,0
18/03/2008,0,0,0,0,0,0
19/03/2008,0,0,0,0,0,0
20/03/2008,0,0,0,0,0,0
21/03/2008,0,0,0,0,0,0
22/03/2008,0,0,0,0,0,0
23/03/2008,0,0,0,0,0,0
24/03/2008,0,0,0,0,0,0
25/03/2008,0,0,0,0,0,0
26/03/2008,0,0,0,0,0,0
27/03/2008,0,0,0,0,0,0
28/03/2008,0,0,0,0,0,0
29/03/2008,0,0,0,0,0,0
30/03/2008,0,0,0,0,0,0
31/03/2008,0,0,0,0,0,4.3
01/04/2008,0,0,0,0,0,0
02/04/2008,0,0,0,0,0.8,0
03/04/2008,6.2,0,2.6,3.1,0,0
04/04/2008,24,0,0,0,0.5,11.4
05/04/2008,0,0,0.7,3.6,0.1,0
06/04/2008,0,0,2.2,7.4,0,1.5
07/04/2008,0,0,0,0,0,0
08/04/2008,5.5,0,0.7,6.6,26.8,6.3
09/04/2008,0,0,0,2,0,5.2
10/04/2008,6.8,0,24.7,17.7,0,4.6
11/04/2008,4.3,0,1.7,2.1,7.2,6.8
12/04/2008,0,0,1.5,1.4,0,0
13/04/2008,0,0,0,0,0,3.2
14/04/2008,0,0,0,0,0,0
15/04/2008,0,0,0,0,0,1.3
16/04/2008,0,0,0,0,0,0
17/04/2008,0,0,0,0,0,0
18/04/2008,0,0,0,0,0,0
19/04/2008,0,0,0,0,0,0
20/04/2008,0,0,0,0,0,0
21/04/2008,0,0,0,0,0,0
22/04/2008,0,0,0,0,0,0
23/04/2008,0,0,0,0,0,0
24/04/2008,0,0,0,0,0,0
25/04/2008,0,0,0,0,0,0
26/04/2008,0,0,0,0,0,0
27/04/2008,0,0,0,0,0,20.2
28/04/2008,0,0,0,0,0,2.4
29/04/2008,0,0,4.5,2.9,0.8,8.2
30/04/2008,2.3,0,8.1,14.7,0.2,0
01/05/2008,3.1,0,6.6,5.7,46.5,
02/05/2008,0,0,12.9,0,4.5,
03/05/2008,11.4,0,5.8,4.5,4.1,
04/05/2008,6.8,0,0.5,6.6,12.4,
05/05/2008,0,0,11.6,19,11,
06/05/2008,7.1,0,0,0,4.7,
07/05/2008,0,3.5,0,0,6.8,
08/05/2008,0,2.5,0.7,0,0,
09/05/2008,0,0,2.6,3.1,0,
10/05/2008,0,0,0,0,14,
11/05/2008,0,0,0,0,0,
12/05/2008,0,0,7.3,4,1.6,
13/05/2008,0,0,0,0,7,
14/05/2008,0,0,0.4,0,0,
15/05/2008,6,0,0,5.7,4.4,
16/05/2008,0,0,6.7,16.2,0,
17/05/2008,0,0,0,1,2,
18/05/2008,8.7,0,0.9,0,0,
19/05/2008,24.3,0,4,4.5,21,
20/05/2008,12.6,2.1,0.1,9.3,6,
21/05/2008,31.8,22.5,0,0,0,
22/05/2008,0,0,0,0,0,
23/05/2008,0,5.4,0.7,0,0,
24/05/2008,0,3.2,16.1,0,0,
25/05/2008,0,0,2.3,23.3,8.4,
26/05/2008,0,0,0,0,0,
27/05/2008,0,0,0.8,0,0,
28/05/2008,0,0,0,0,0,
29/05/2008,0,6.4,6.4,4.2,1.9,
30/05/2008,0,0,0,0,8.7,
31/05/2008,0,0,3.5,0,2.8,
01/06/2008,0,0,0,0,0.9,11
02/06/2008,15.2,0,26.3,36.2,21,13.5
03/06/2008,38.5,15.3,5.5,4.6,17.7,42.2
04/06/2008,0,15.4,6,7.3,0.5,1.7
05/06/2008,0,0,13.1,4.3,0,11.2
06/06/2008,0,0,0.7,3.5,0,0
07/06/2008,0,6.4,0,0,28,0
08/06/2008,15.5,26.5,5.1,5.9,0.5,0
09/06/2008,0,0,0.7,1.1,3.5,0
10/06/2008,0,0,0.5,4.5,1.5,0
11/06/2008,1.3,0,22.6,5.3,0.3,0
12/06/2008,0,0,1.9,0,0,6.8
13/06/2008,0,0,2.4,6.7,0,5.4
14/06/2008,0,7.6,12.3,23.6,4.2,0
15/06/2008,8.9,0,5.7,2.6,14,0
16/06/2008,0,0,1.7,0,0.6,0
17/06/2008,3.4,0,12.1,18.4,1.6,7.2
18/06/2008,21.7,0,3.2,33.9,3.6,8.3
19/06/2008,6.3,0,21.1,9.6,5.2,11.2
20/06/2008,0,0,12.9,22.4,6.2,13
21/06/2008,9,10.3,1.9,3.3,0,0
22/06/2008,11.2,18.4,0,4.5,0,0
23/06/2008,0,0,20.1,9.5,11,0
24/06/2008,0,0,11.7,3.7,1,0
25/06/2008,9.6,12.2,0,12.3,0,0
26/06/2008,0,0,0,0.4,0,0
27/06/2008,0,10.6,0,0.3,0,0
28/06/2008,0,5.2,4.4,1.3,9.1,13.6
29/06/2008,8,20.6,10.3,3.2,15.4,0
30/06/2008,0,0,0,0,0,1.4
01/07/2008,2,13.4,2.9,11.4,10,4.8
02/07/2008,0,8.5,0,2.7,18.4,0
03/07/2008,8.3,16.3,1.8,0,3.1,1.4
04/07/2008,15.2,0,11.6,5.5,5,12.2
05/07/2008,9.8,5.6,8.4,8.5,13.4,0
06/07/2008,18.4,7.2,0,3.7,6,3.8
07/07/2008,48.7,12.2,26,41,7.7,1.4
08/07/2008,6.5,0,6.7,1.2,0,1.3
09/07/2008,2.1,9.3,0,0,13,12.4
10/07/2008,13.3,0,7.9,18,3.3,19.2
11/07/2008,14.4,0,11,15.4,4,2.4
12/07/2008,22.3,0,5.9,12.1,14.5,1.6
13/07/2008,10.5,0,2.6,0,10,4.2
14/07/2008,3.8,5.6,0.2,6,2.1,0
15/07/2008,0,3.2,9,11,0,2.8
16/07/2008,0,16.5,4.6,21,4.4,0
17/07/2008,0,7.6,2.2,0.5,4.5,0
18/07/2008,0,0,12.5,5.2,16,15.3
19/07/2008,0,20,1,4.4,1,0
20/07/2008,0,10.5,8.8,7.8,5.2,0
21/07/2008,9.8,16.2,8.6,14,3.4,9.8
22/07/2008,10.3,0,8.6,11,11,10.6
23/07/2008,1.2,0,7.1,0,67.2,0
24/07/2008,13.5,8.3,8,10.6,14,7.2
25/07/2008,18.7,4.1,35.4,20.2,11,4.6
26/07/2008,10.9,15,4.9,51.2,14,14.4
27/07/2008,13.1,9,2.7,7.1,17,0
28/07/2008,6.4,0,3.7,46.3,1.2,7.2
29/07/2008,8.3,0,6.9,4.7,11.2,2.4
30/07/2008,9.8,0,31.5,22.3,13.2,3.7
31/07/2008,6.6,5,8.5,14.4,20.2,21.5
01/08/2008,4.8,10,19.3,24,16.2,
02/08/2008,26,20.4,0.8,12.1,7.7,
03/08/2008,18.4,5.6,10.8,12.3,11,
04/08/2008,27.3,7.8,10.7,11.1,24.5,
05/08/2008,19.7,0,20.7,49,20.4,
06/08/2008,25.6,15,36.5,28.2,7.6,
07/08/2008,15.8,9.4,4.3,18.4,20.2,
08/08/2008,10.6,0,4.3,0.2,23,
09/08/2008,8.7,0,24.1,16.4,11,
10/08/2008,22.9,2.6,6.8,15.8,19.6,
11/08/2008,11.4,5.2,0,2,0,
12/08/2008,7.7,8,0.9,0.5,11,
13/08/2008,24.3,20,13.6,20.5,13.1,
14/08/2008,8.2,12.4,7.6,9.3,16,
15/08/2008,3.4,22,0.2,0.9,0,
16/08/2008,6.7,30,3.7,9.5,13.6,
17/08/2008,10.2,0,4.6,5.7,15.4,
18/08/2008,6,0,2.7,4,1.4,
19/08/2008,5.2,5.1,2.5,2,5.3,
20/08/2008,0,8.7,2.2,2.8,5.6,
21/08/2008,0,40,7.2,11.7,42.4,
22/08/2008,8.4,3.4,17.7,15.3,23.2,
23/08/2008,0,2.3,6.4,0.5,0.8,
24/08/2008,6.3,1,12.8,7.2,27.3,
25/08/2008,8,15.4,0.9,0,0,
26/08/2008,0,24.3,5.6,0,0,
27/08/2008,11,30,0.6,7,3.6,
28/08/2008,9.2,15.4,1.5,4.4,14.4,
29/08/2008,0,20,1.6,13.7,3.2,
30/08/2008,0,3.4,0,0,0,
31/08/2008,8.4,26.3,14.4,0,0,
01/09/2008,6.6,25.3,7.3,23,6.8,2.7
02/09/2008,10.1,10.4,0.2,17.4,0,4.6
03/09/2008,0,8.2,28.1,4.3,3.2,11.8
04/09/2008,21,20,5.3,0,0,0
05/09/2008,6.8,8.2,0,5.6,4,37.2
06/09/2008,8.4,6.1,13.3,0,12,1.8
07/09/2008,3.6,15.4,7.7,16.4,9,0
08/09/2008,0,0,35.9,3.6,8.2,32
09/09/2008,7.4,0,0.6,13.1,28,2.7
10/09/2008,13.5,0,0,11,3,7.1
11/09/2008,0,0,0.1,0,0,22.9
12/09/2008,0,8.9,0,0,0,0
13/09/2008,6.6,3.4,1.7,0,0,19.1
14/09/2008,9.3,0,0.1,0,0,0
15/09/2008,0,16.2,2.7,0,0,1.7
16/09/2008,8,25,0,0,0,0
17/09/2008,10.1,2.1,18.9,0,0,0
18/09/2008,0,12,0,1.1,0,7.4
19/09/2008,0,6.7,0,0,0,0
20/09/2008,0,13.1,0.5,0,0,0
21/09/2008,3.2,9,0,1.4,10.2,0
22/09/2008,0,40,0,0,0,14.6
23/09/2008,0,3,0,0,0,0
24/09/2008,0,0,6.6,0,0,0
25/09/2008,0,0,0,5.7,2.5,0
26/09/2008,0,1,0,0,0,2.2
27/09/2008,0,0,0,0,0,0
28/09/2008,0,25.1,0.4,0,0,0
29/09/2008,0,10.6,5.3,4.8,2.5,0
30/09/2008,0,30.8,1.2,3.4,0,2.3
01/10/2008,0,16.2,0,0,0,4.9
02/10/2008,0,0,0,0,0,0
03/10/2008,0,0,0,0,0,0
04/10/2008,0,8,0.1,0,0,0
05/10/2008,0,6.3,0,0,0,0
06/10/2008,0,7.1,0,0,0,0
07/10/2008,0,0,0,0,0,0
08/10/2008,0,0,1.8,0,0,11.3
09/10/2008,0,0,0,0,0,0
10/10/2008,0,0,1.7,0,0,0
11/10/2008,0,0,0,0,0,0
12/10/2008,0,0,0.1,0,0,0
13/10/2008,0,0,0,2.6,0,0
14/10/2008,0,0,0,0,0,0
15/10/2008,0,0,0,0,0,0
16/10/2008,0,0,0,0,0,0
17/10/2008,0,0,0,0,0,0
18/10/2008,0,0,0,0,0,0
19/10/2008,0,0,0,0,0,0
20/10/2008,0,0,0,0,0,0
21/10/2008,17.6,0,0,0,0,0
22/10/2008,6.5,0,0,0,0,0
23/10/2008,5.7,0,0,0,6,0
24/10/2008,3,0,0,3.5,0,11.9
25/10/2008,0,0,0,0,0,4.8
26/10/2008,0,0,0,5.6,0,0
27/10/2008,16,0,0,0.4,0,0
28/10/2008,8.4,0,2.3,2.5,12.4,0
29/10/2008,0,0,0,0,4,4.2
30/10/2008,0,0,2.6,0,9.8,0
31/10/2008,0,0,7.4,0.4,22,0
01/11/2008,0,0,0,1.4,0,0
02/11/2008,0,0,0,0,5.3,24.5
03/11/2008,0,0,0,0,0,0
04/11/2008,0,0,0,0,0,0
05/11/2008,0,0,0,0,0,0
06/11/2008,0,5.6,0,0,0,0
07/11/2008,0,0,0,0,0,2
08/11/2008,0,0,3.1,16.5,1.5,4.6
09/11/2008,0,0,0,0,0,0
10/11/2008,0,0,0,0,0,0
11/11/2008,0,0,0,0,0,0
12/11/2008,0,0,0,0,0,0
13/11/2008,0,0,0,0,0,0
14/11/2008,0,0,0,0,0,0
15/11/2008,0,0,0,0,0,0
16/11/2008,0,0,0,0,0,0
17/11/2008,0,0,0,0,0,0
18/11/2008,0,0,0,0,0,0
19/11/2008,0,0,0,0,0,0
20/11/2008,0,0,0,0,0,0
21/11/2008,0,0,0,0,0,0
22/11/2008,0,0,0,0,0,0
23/11/2008,0,0,0,0,0,0
24/11/2008,0,0,0,0,0,0
25/11/2008,0,0,0,0,0,0
26/11/2008,0,0,0,0,0,0
27/11/2008,0,0,0,0,0,0
28/11/2008,0,0,0,0,0,0
29/11/2008,0,0,0,0,1.5,0
30/11/2008,0,0,0,0,0,0
01/12/2008,0,0,0,0,0,0
02/12/2008,0,0,0,0,0,0
03/12/2008,0,0,0,0,0,0
04/12/2008,0,0,0,0,0,0
05/12/2008,0,0,0,0,0,0
06/12/2008,0,0,0,0,0,0
07/12/2008,0,0,0,0,0,0
08/12/2008,0,0,0,0,0,0
09/12/2008,0,0,0,0,0,4.6
10/12/2008,2.8,0,0,15.1,0,6.2
11/12/2008,0,0,0,0,0,0
12/12/2008,0,0,0,0,0,0
13/12/2008,0,0,0,0,0,0
14/12/2008,0,0,0,0,0,0
15/12/2008,0,0,0,0,0,0
16/12/2008,0,0,0,0,0,0
17/12/2008,0,0,0,0,0,0
18/12/2008,0,0,0,0,0,0
19/12/2008,0,0,0,0,0,0
20/12/2008,0,0,0,0,0,0
21/12/2008,0,0,0,0,0,0
22/12/2008,0,0,0,0,0,0
23/12/2008,0,0,0,0,0,0
24/12/2008,0,0,0,0,0,0
25/12/2008,0,0,0,0,0,0
26/12/2008,0,0,0,0,0,0
27/12/2008,0,0,0,0,0,0
28/12/2008,0,0,0,0,0,0
29/12/2008,0,0,0,0,0,0
30/12/2008,0,0,0,0,0,0
31/12/2008,0,0,0,0,0,0
01/01/2009,0,0,0,0,0,0
02/01/2009,0,0,0,0,0,0
03/01/2009,0,0,0,0,0,0
04/01/2009,0,0,0,0,0,0
05/01/2009,0,0,0,0,0,0
06/01/2009,0,0,0,0,0,0
07/01/2009,0,0,0,0,0,0
08/01/2009,0,0,0,0,0,0
09/01/2009,0,0,0,0,0,0
10/01/2009,0,0,0,0,0,0
11/01/2009,0,0,0,0,0,0
12/01/2009,0,0,0,0,0,0
13/01/2009,0,0,0,0,0,0
14/01/2009,0,0,0,0,0,0
15/01/2009,0,0,0,0,0,0
16/01/2009,0,0,0,0,0,0
17/01/2009,0,0,0,0,0,0
18/01/2009,0,0,0,0,0,0
19/01/2009,0,0,0,0,0,0
20/01/2009,0,0,0,0,0,0
21/01/2009,0,0,0,0,0,0
22/01/2009,0,0,0,0,0,0
23/01/2009,0,0,0,0,0,0
24/01/2009,0,0,0,0,0,0
25/01/2009,0,0,0,0,0,0
26/01/2009,0,0,0,0,0,0
27/01/2009,0,0,0,1.8,0.3,0
28/01/2009,0,0,0,0,0,0
29/01/2009,0,0,0,0,0,0
30/01/2009,0,0,0,0,0,0
31/01/2009,0,0,0,,0,0
01/02/2009,0,0,0,0,0,0
02/02/2009,0,0,0,0,0,0
03/02/2009,0,0,0,0,0,0
04/02/2009,0,0,0,0,0,0
05/02/2009,2.3,0,0,0,0,0
06/02/2009,0,0,0,0,0,0
07/02/2009,0,0,0,0,0,0
08/02/2009,0,0,0,0,0,0
09/02/2009,0,0,0,0,0,0
10/02/2009,0,0,0,0,0,0
11/02/2009,0,0,0,0,0,0
12/02/2009,0,0,0,0,0,0
13/02/2009,0,0,0,4.3,0,1.3
14/02/2009,0,0,0,3.1,0,0
15/02/2009,0,0,0,0,0,0
16/02/2009,0,0,0,0,0,0
17/02/2009,0,0,0,0,0,0
18/02/2009,0,0,0,0,0,0
19/02/2009,0,0,0,0,0,0
20/02/2009,0,0,0,0,0,0
21/02/2009,0,0,0,0,0,0
22/02/2009,0,0,0,5.1,0,0
23/02/2009,0,0,0,0,0,0
24/02/2009,0,0,0,0,0,0
25/02/2009,0,0,0,0,0,0
26/02/2009,0,0,0,0,0,0
27/02/2009,0,0,0,0,0,0
28/02/2009,0,0,0,0,0,0
01/03/2009,0,0,0,0,0,0
02/03/2009,0,0,0,0,0,0
03/03/2009,0,0,0,0,0,0
04/03/2009,0,0,0,0,0,0
05/03/2009,0,0,0,0,0,0
06/03/2009,0,0,0,0,0,0
07/03/2009,0,0,0,0,0,1.4
08/03/2009,2,0,0,0,0,5.6
09/03/2009,0,0,0,0,0,0
10/03/2009,0,0,0,0,0,0
11/03/2009,0,0,0,0,0,0
12/03/2009,0,0,0,0,0,0
13/03/2009,0,0,0,0,0,0
14/03/2009,0,0,0,0,0,0
15/03/2009,0,0,0.2,0,0,5.2
16/03/2009,4.2,0,1.6,0,0,2.2
17/03/2009,6.4,0,2.2,2.7,0,9.4
18/03/2009,0,0,0,0,0,0
19/03/2009,0,0,0,0,0,0
20/03/2009,0,0,0,0,0,0
21/03/2009,0,0,0,0,0,0
22/03/2009,0,0,0,0,0,0
23/03/2009,0,0,0,0,0,0
24/03/2009,0,3.5,0,0,0,0
25/03/2009,2.3,0,0,0,0,5.1
26/03/2009,2.6,0,0,3.3,3.5,16.5
27/03/2009,0,0,0,2.1,0,0
28/03/2009,0,0,0,0,0,0
29/03/2009,0,0,0,0,0,0
30/03/2009,0,0,0,0,0,0
31/03/2009,0,0,0,0,0,0
01/04/2009,0,0,0,0,0,0
02/04/2009,0,0,0,0,0,0
03/04/2009,0,0,0,0,0,0
04/04/2009,0,0,0,0,0,0
05/04/2009,0,0,0,0.3,0,0
06/04/2009,0,0,0,0,0,0
07/04/2009,0,0,0,0,0,0
08/04/2009,0,0,0,3.6,0.4,3.6
09/04/2009,0,0,1.8,0.3,0,1.4
10/04/2009,0,0,0,2.6,18.5,0
11/04/2009,0,0,0,0,0,0
12/04/2009,0,0,0,0,0,0
13/04/2009,0,2.1,0,0,0,0
14/04/2009,0,0,0,0,0,0
15/04/2009,0,0,0,0,0,0
16/04/2009,0,1,0,0,0,0
17/04/2009,0,0,0.7,0,1.1,3.4
18/04/2009,0,0,0.2,0.3,0,0
19/04/2009,0,0,0,0,0,0
20/04/2009,0,0,0,0,0,0
21/04/2009,0,0,0,0,0,0
22/04/2009,0,0,0,0,0,0
23/04/2009,0,0,0,0,0,0
24/04/2009,0,0,0,0,0,0
25/04/2009,0,0,0,0,0,0
26/04/2009,0,0,0,0,0,0
27/04/2009,0,0,0,0,0,0
28/04/2009,0,0,25.5,0.1,0,0
29/04/2009,0,0,0,0,0.1,2.8
30/04/2009,0,0,0,0,0,0
01/05/2009,0,0,0,1.4,0,0
02/05/2009,0,0,0,0,0,0
03/05/2009,0,0,0,0,0,0
04/05/2009,0,0,0,0,0,0
05/05/2009,0,0,0,0,0,0
06/05/2009,0,0,0,0,0,0
07/05/2009,0,0,0,0,0,0
08/05/2009,0,0,0,0,0,0
09/05/2009,0,0,0,0,0,0
10/05/2009,0,0,3.8,0,0,0
11/05/2009,0,0,0,0,0.1,31
12/05/2009,0,0,0,3.1,0,0
13/05/2009,0,0,0,0,0,0
14/05/2009,0,0,0,0,0,0
15/05/2009,0,0,0,0,0,0
16/05/2009,0,0,0,0,0,0
17/05/2009,0,0,0,0,0,0
18/05/2009,0,0,0,0,0,0
19/05/2009,0,0,0,0,0,0
20/05/2009,0,1.5,0,0,0,0
21/05/2009,0,0,0,0,0,0
22/05/2009,0,0,1.2,0,0,0
23/05/2009,0,0,0,0,0,0
24/05/2009,0,0,0,0,0,0
25/05/2009,0,0,0,3.5,0,0
26/05/2009,0,0,0,0,0,0
27/05/2009,0,0,0,0,0,0
28/05/2009,0,0,0,0,0,0
29/05/2009,0,0,0,0,0,0
30/05/2009,0,0,0,0,0,0
31/05/2009,0,0,0,0,0,0
01/06/2009,0,0,0,0,0,0
02/06/2009,0,0,0,9.2,0,0
03/06/2009,0,5.7,0.8,0,0,0
04/06/2009,0,3.4,0.7,0,0,1.3
05/06/2009,0,0,2.7,11.9,1,10.5
06/06/2009,0,0,0,29.3,3,0
07/06/2009,0,0,1.9,0,2.1,3.8
08/06/2009,0,0,0.9,2.9,0,0
09/06/2009,0,0,0,2.3,0,0
10/06/2009,0,0,1.8,0,0,0
11/06/2009,0,8,0,1.4,0,0
12/06/2009,0,1.2,0,0.5,0,13.9
13/06/2009,0,0,0.6,31.3,3.7,15.6
14/06/2009,0,0,8.6,0,0,0
15/06/2009,0,0,3.1,0,0,0
16/06/2009,0,0,0,0,0,0
17/06/2009,0,0,0.5,0.8,0.2,0
18/06/2009,0,0,13.3,16.9,11.8,15.2
19/06/2009,20.3,0,5.4,24,10.4,5.2
20/06/2009,0,0,16,0,2.3,7
21/06/2009,0,0,16.1,3.4,4.4,0
22/06/2009,0,0,1.9,9.3,1.2,0
23/06/2009,0,0.1,0,0,0,0
24/06/2009,0,0,28.5,19.6,20,0
25/06/2009,10.8,0,15,12.1,0.5,1.3
26/06/2009,6.5,0,3.2,2.9,8.5,0
27/06/2009,0,3.2,14.9,0.3,0.6,0
28/06/2009,0,5.3,0,7.4,0,0
29/06/2009,9,0,2,6.9,1.7,0
30/06/2009,0,0,1.8,2.8,1.3,0
01/07/2009,8.1,0,0.8,10.5,0.2,1
02/07/2009,20.6,0,14.9,13,18.6,21.5
03/07/2009,16.3,0,0.3,0,2.6,11.2
04/07/2009,25.7,0,0.9,4.1,4.8,15.2
05/07/2009,0,0,1.2,2,15,9.6
06/07/2009,0,6.4,0.4,2.3,0.5,4.8
07/07/2009,30.1,3.2,6.1,30,0.6,1.8
08/07/2009,22.8,0,6.2,3.2,3.4,0
09/07/2009,11,0,6.1,14.3,26.6,9.7
10/07/2009,8.4,2.1,3.4,7.8,8.5,14.1
11/07/2009,6.3,0.5,4.7,22.7,7.6,8
12/07/2009,15.6,8.3,0,2.5,5.6,32.6
13/07/2009,0,0,8.9,7.8,6.3,37.3
14/07/2009,0.8,0,24.8,31,13.5,4.4
15/07/2009,35.7,0,0,28.1,22,9.5
16/07/2009,12.8,0,0,0,0,15.4
17/07/2009,0,4.3,10.6,4.7,41,7.3
18/07/2009,8.3,0,9.3,1.3,0.5,28.2
19/07/2009,5.1,10,11.5,4.4,27,2.1
20/07/2009,21.1,6.2,2.3,3.9,12.7,4.1
21/07/2009,0,0,0,9.5,3.2,18.2
22/07/2009,0,0,34.9,8.9,12,16.5
23/07/2009,16.6,40,7,9.2,17,46.8
24/07/2009,17.8,10.5,9,3.8,8.7,0.5
25/07/2009,2.1,8.2,17,12.4,6.5,32.9
26/07/2009,0,0,18.3,15,12.5,1.5
27/07/2009,6.8,14.2,0,10.8,18.5,32.2
28/07/2009,9.4,0,1.7,8.3,37.5,12.4
29/07/2009,3.8,15.2,15.9,23.1,9.4,23.2
30/07/2009,13.7,20.1,38.2,8,6.4,8.5
31/07/2009,3.8,0,5,,0,4.5
01/08/2009,8.4,40,17.8,0,0,10.8
02/08/2009,11,8.6,6.3,11,3.4,4.5
03/08/2009,0,0,9,0,0,28.2
04/08/2009,0,20.2,1.3,46,8.5,8.4
05/08/2009,15.1,0,39,2,1.3,10.2
06/08/2009,3.4,10.3,0,0,0,2.3
07/08/2009,6.6,0,0.2,6,8.9,0
08/08/2009,0,30.1,16.6,2.1,1,9.7
09/08/2009,10.4,25,1.1,2,2.2,2.4
10/08/2009,8.6,40,0.7,17.3,9.5,1.2
11/08/2009,0,8.4,23.9,24,12,0
12/08/2009,0,0,1,10,11,26.9
13/08/2009,13,16.2,11.9,7.8,0,3.3
14/08/2009,18.1,20.1,0.4,9,0,2.1
15/08/2009,0,30,0,16.1,46.5,19.1
16/08/2009,7.3,10.1,18.7,2.8,9.4,55.2
17/08/2009,0,40.3,1.6,27.4,17.5,1.9
18/08/2009,14,6.2,12.8,2.5,3,12
19/08/2009,6.1,0,2,0,0,11.5
20/08/2009,9.2,16,0,16.6,31.2,0
21/08/2009,0,50.1,21.5,2,8.5,6.5
22/08/2009,0,0,3.3,5.2,5.3,9.5
23/08/2009,8.4,15.3,3.7,42.5,0.1,5.1
24/08/2009,8,20.4,8.4,21.2,6.5,28.7
25/08/2009,8.4,30.8,7.3,5.7,6.7,3.5
26/08/2009,0,40,5.7,13.4,10,19.3
27/08/2009,0,0,0.3,0,0,0
28/08/2009,0,0,23.3,2,9.3,0
29/08/2009,3.4,18.4,14.6,4.6,0,0
30/08/2009,0,0,18.1,5.9,9.2,1.3
31/08/2009,0,0,4.7,4.5,2.5,0
01/09/2009,0,0,1.6,0.7,2,23.9
02/09/2009,0,0,0,6,0,3.8
03/09/2009,0,0,6.6,2.3,1,0
04/09/2009,0,0,2.5,0,0,1
05/09/2009,0,0.5,8.6,1.2,13,0
06/09/2009,0,3,0,1.8,0,3.6
07/09/2009,0,0,3.2,5,3,28.7
08/09/2009,0,0,0.2,0,3,24.1
09/09/2009,0,0,0,0.2,0,22
10/09/2009,0,0,0,0,0,0
11/09/2009,0,0,0,0,0,0
12/09/2009,0,8.2,0,0,0,0
13/09/2009,0,0,0,0,0,0
14/09/2009,0,0,0,0,0,0
15/09/2009,0,0,1.5,0,0,4.8
16/09/2009,0,0,1.7,14.3,1,0
17/09/2009,8.4,0,1.7,6.8,0,0
18/09/2009,0,15.6,1.6,0,0,0
19/09/2009,0,20.3,0.2,0,0,0
20/09/2009,15.1,30.1,0.3,0,0,0
21/09/2009,0,0,0,0,0,0
22/09/2009,0,0,0,0,0,0
23/09/2009,0,7.4,0.6,0,0,0
24/09/2009,0,0,0.2,0,0,0
25/09/2009,11.8,0,0,4.5,0,0
26/09/2009,8.1,0,0,0,0,0
27/09/2009,13.4,0,25.4,0,0,2.3
28/09/2009,9,0,1,15,4.5,13.2
29/09/2009,3.4,0,0,3.1,1,13.7
30/09/2009,0,45.3,12.1,0.4,0,0
01/10/2009,0,45.3,0,0,0,0
02/10/2009,0,0,1.4,0,0,0
03/10/2009,8.1,0,0,0,0,0
04/10/2009,0,0,0,0,0,0
05/10/2009,4.8,0,0,0,0,0
06/10/2009,0,0,0,0,0,0
07/10/2009,0,0,0,2.1,25.5,0
08/10/2009,6,0,0.8,9.4,0,0.2
09/10/2009,8.1,0,14.3,3.2,6.6,6.4
10/10/2009,0,0,0,0,4,0
11/10/2009,2.4,0,0,0,0,0
12/10/2009,0,0,1.8,0,1.6,0
13/10/2009,0,0,0,2,0,2.9
14/10/2009,9.2,0,0,0,0,0
15/10/2009,3.4,0,0.2,0,0,0
16/10/2009,0,0,1.6,0,0,0
17/10/2009,0,0,0,0,0,0
18/10/2009,0,0,0,5.5,0,0
19/10/2009,0,0,0,11.1,5.6,0
20/10/2009,0,0,8.2,0,0,0
21/10/2009,0,0,1.1,0,0,0
22/10/2009,0,0,8.2,0,0,0
23/10/2009,0,0,1.1,4.2,0.9,7.8
24/10/2009,0,0,4.8,9.6,3.5,0
25/10/2009,0,0,0,0,0,0
26/10/2009,0,0,0,0,0,0
27/10/2009,0,0,0,0,0,0
28/10/2009,0,0,0,0,0,0
29/10/2009,0,0,0,1,0,0
30/10/2009,0,0,0,0,0,0
31/10/2009,0,0,0,0,0,0
01/11/2009,0,0,0,0,0,0
02/11/2009,0,0,0,0,0,0
03/11/2009,0,0,0,0,0,0
04/11/2009,0,0,0,0,0,0
05/11/2009,0,0,0,0,0,0
06/11/2009,0,0,0,0,0,0
07/11/2009,0,0,0,0,0,0
08/11/2009,0,0,0,0,0,0
09/11/2009,0,0,0,0,0,0
10/11/2009,0,0,0,0,0,0
11/11/2009,0,0,0,0,0,0
12/11/2009,0,0,0,0,0,0
13/11/2009,0,0,0,0,0,0
14/11/2009,0,20.4,0,0,0,0
15/11/2009,0,0,0,0,0,0
16/11/2009,0,0,0,0,0,0
17/11/2009,3.1,0,0,0,0,0
18/11/2009,0,0,0,3.2,0,0
19/11/2009,0,0,0.1,0,0,0
20/11/2009,4.6,0,4.7,0,0,0
21/11/2009,0,0,0,0,0,0
22/11/2009,0,0,0,0,0,0
23/11/2009,0,0,1.4,0,0.9,0
24/11/2009,0,0,0,0,0,0
25/11/2009,0,0,0,0,0,0
26/11/2009,0,0,0,0,0,0
27/11/2009,0,0,0,0,0,0
28/11/2009,0,0,0,0,0,0
29/11/2009,0,0,0,0,0,0
30/11/2009,0,0,0,0,0,0
01/12/2009,0,0,0,8.7,0,0
02/12/2009,0,0,0,0,0,8.4
03/12/2009,0,0,0,0,0,0
04/12/2009,0,0,0,0,0,0
05/12/2009,0,0,0,0,0,0
06/12/2009,0,0,0,0,0,0
07/12/2009,0,0,0,0,0,0
08/12/2009,0,0,0,0,0,0
09/12/2009,0,0,0,0,0,0
10/12/2009,0,0,0,0,0,0
11/12/2009,0,0,0,0,0,0
12/12/2009,0,0,0,,0,0
13/12/2009,0,0,0,0,0,0
14/12/2009,0,0,0,0,0,0
15/12/2009,0,0,0,0,0,0
16/12/2009,0,0,0,0,0,0
17/12/2009,0,0,0,0,0,0
18/12/2009,0,0,0,0,0,0
19/12/2009,0,0,0,3.7,0,0
20/12/2009,0,0,2.2,2.4,0,0
21/12/2009,0,0,0,0,0.9,0
22/12/2009,0,0,0,0,0,0
23/12/2009,0,0,0,0,0,0
24/12/2009,0,0,0,0,0,0
25/12/2009,0,0,0,0,0,0
26/12/2009,0,0,0,0,0,0
27/12/2009,0,0,0,0,0,0
28/12/2009,0,0,0,0,0,0
29/12/2009,0,0,0,0,0,0
30/12/2009,0,0,0,0,0,0
31/12/2009,0,0,0,0,0,0
01/01/2010,0,0,0,0,0,0
02/01/2010,0,0,0,0,0,0
03/01/2010,0,0,0,0,0,0
04/01/2010,0,0,0,0,0,0
05/01/2010,0,0,0,0,0,0
06/01/2010,0,0,0,0,0,0
07/01/2010,0,0,0,0,0,0
08/01/2010,0,0,0,0,0,0
09/01/2010,0,0,0,0,0,0
10/01/2010,0,0,0,0,0,0
11/01/2010,0,0,0,0,0,0
12/01/2010,0,0,0,0,0,0
13/01/2010,0,0,0,0,0,0
14/01/2010,0,0,0,0,0,0
15/01/2010,0,0,0,0,0,0
16/01/2010,0,0,0,0,0,0
17/01/2010,0,0,0,0,0,0
18/01/2010,0,0,0,0,0,0
19/01/2010,0,0,0,0,0,0
20/01/2010,0,0,0,0,0,0
21/01/2010,0,0,0,13.1,0,2.8
22/01/2010,0,0,0,0,0.9,1.5
23/01/2010,0,0,39.1,0,0,1.3
24/01/2010,0,0,0,1.3,0,3.4
25/01/2010,0,0,0,0,0,0
26/01/2010,0,0,0,0,0,0
27/01/2010,0,0,0,5.3,0,0
28/01/2010,0,0,0,0,0,0
29/01/2010,0,0,0,0,0,0
30/01/2010,0,0,0,0,0,0
31/01/2010,0,0,0,0,0,0
01/02/2010,0,0,0,0,0,0
02/02/2010,0,0,0,0,0,0
03/02/2010,0,0,0,0,0,0
04/02/2010,0,0,0,0,0,0
05/02/2010,0,0,0,0,0,0
06/02/2010,0,0,0,0,0,0
07/02/2010,0,0,0,0,0,0
08/02/2010,0,0,0,0,0,0
09/02/2010,0,0,0,0,0,0
10/02/2010,0,0,0,0,0,0
11/02/2010,0,0,0,0,0,0
12/02/2010,0,0,0,0,0,0
13/02/2010,0,0,0,0,0,0
14/02/2010,0,0,0,0,0,0
15/02/2010,0,0,0,0,0,0
16/02/2010,0,0,0,0,0,0
17/02/2010,0,0,0,0,0,0
18/02/2010,0,0,0,0,0,0
19/02/2010,0,0,0,0,0,0
20/02/2010,0,0,0,0,0,0
21/02/2010,0,0,0,0,0,0
22/02/2010,0,0,0,0,0,0
23/02/2010,0,0,0,0,0,0
24/02/2010,0,0,0,0,0,0
25/02/2010,0,0,0,0,0,0
26/02/2010,0,0,0,0,0,0
27/02/2010,0,0,0,0,0,0
28/02/2010,0,0,0,0,0,0
01/03/2010,0,0,0,0,0,0
02/03/2010,0,0,0,0,0,0
03/03/2010,0,0,0,0,0,0
04/03/2010,0,0,0,0,0,0
05/03/2010,0,0,0,,0,0
06/03/2010,0,0,0,0,0,0
07/03/2010,0,0,0,0,0,0
08/03/2010,0,0,0,0,0,2.3
09/03/2010,0,0,0,,0,1.5
10/03/2010,0,0,0,0,0,0
11/03/2010,0,0,0,0,0,0
12/03/2010,0,0,0,0,0,0
13/03/2010,0,0,0,0,0,0
14/03/2010,0,0,0,0,0,0
15/03/2010,0,0,0,0,0,0
16/03/2010,0,0,0,0,0,0
17/03/2010,0,0,0,0,0,0
18/03/2010,0,0,0,0,0,0
19/03/2010,0,0,0,0,23,4.7
20/03/2010,0,0,11.6,1.5,0,6.6
21/03/2010,10.9,0,1.8,,0,5.2
22/03/2010,25.6,0,0,20,12.2,0
23/03/2010,0,0,1.6,2.3,0,0
24/03/2010,0,0,0,0,0,0
25/03/2010,0,0,0,0,0,0
26/03/2010,0,0,0,0,0,0
27/03/2010,0,0,0,0,0,0
28/03/2010,0,0,0,0,0,0
29/03/2010,0,0,0,0,0,0
30/03/2010,0,0,0,0,0,0
31/03/2010,0,0,0,0,0,0
01/04/2010,0,0,0,0,3.3,0
02/04/2010,0,0,0,2,7.4,0
03/04/2010,0,0,0,6.2,0,1.8
04/04/2010,0,0,0,2,0,0
05/04/2010,0,0,0,0.4,0,0
06/04/2010,2.4,0,0.4,2.2,0,3.4
07/04/2010,0,0,4.4,0.4,0,0
08/04/2010,17.6,0,0,1.1,0,4.7
09/04/2010,0,0,3.2,0,0,4.2
10/04/2010,6.4,10.3,0,7,5.2,9.7
11/04/2010,0,0,0,9.3,0,4.9
12/04/2010,0,0,0,0,0,0
13/04/2010,0,0,6.9,0.6,0,0
14/04/2010,0,0,0,0,0,0
15/04/2010,0,5.4,0,0,0,0
16/04/2010,0,0,0,0,0,0
17/04/2010,0,0,0,0,0,0
18/04/2010,0,0,0,0,0,0
19/04/2010,0,0,0.5,0,3.3,0
20/04/2010,7.4,0,0.2,0,0,9.8
21/04/2010,8.6,0,0,0,0,10.4
22/04/2010,0,0,0,0,0,0
23/04/2010,11,0,0,0,0,0
24/04/2010,12,0,0,0,0,0
25/04/2010,11.3,0,0,0,0,0
26/04/2010,0,0,0,0,0,0
27/04/2010,0,0,0,0,0,0
28/04/2010,6.8,0,1.9,0,0,0
29/04/2010,13.1,0,0,1,0,0
30/04/2010,18,0,24.2,13.2,3.4,33.5
01/05/2010,0,0,0,3.4,2.5,4.8
02/05/2010,0,0,0.9,11.2,0,1.9
03/05/2010,0,0,1.2,18.4,0,6.3
04/05/2010,0,0,0,10.3,5,4.6
05/05/2010,0,0,0,7.5,0,0
06/05/2010,10.1,0,0,18.5,4.6,0
07/05/2010,16.8,0,4.4,0,6,0
08/05/2010,6.4,0,0,0,16.4,0
09/05/2010,0,8.4,0,0,0,0
10/05/2010,0,0,0,0,0,0
11/05/2010,6.9,0,0,0,0,0
12/05/2010,8,0,16,6.3,3,0
13/05/2010,0,0,0,0,0,0
14/05/2010,0,0,0,0,0,0
15/05/2010,0,7.2,0,0,0,0
16/05/2010,0,6.5,0,0,0,0
17/05/2010,0,0,0,0,0,0
18/05/2010,0,0,7.1,0,0,0
19/05/2010,0,0,3.8,0,0,0
20/05/2010,0,0,3.1,0,0,0
21/05/2010,0,0,0,0,0,0
22/05/2010,0,0,4,3.7,0,4
23/05/2010,0,0,0,0,0,0
24/05/2010,0,8.4,3.7,0,0,0
25/05/2010,0,0,0,0,0,0
26/05/2010,0,0,0,0,0,0
27/05/2010,0,0,0.4,0,0,0
28/05/2010,0,0,3.1,37.2,0,0
29/05/2010,0,0,0.6,0.1,0,0
30/05/2010,0,0,6.7,49.3,0,0
31/05/2010,,0,0,0,0,0
01/06/2010,8.4,0,0,0.9,0,0
02/06/2010,20.1,0,1.8,0,0,0
03/06/2010,16.4,0,16.3,0,0,0
04/06/2010,0,0,9.2,0,0,0
05/06/2010,6.7,0,5.5,2.3,5,0
06/06/2010,9.4,0,0,0,8.5,0
07/06/2010,0,14.6,0.2,3.2,0.7,0
08/06/2010,1.4,0,14.2,0,9.5,0
09/06/2010,8.3,0,0,2.7,2,16.4
10/06/2010,0,0,0,9.2,8,4.5
11/06/2010,6.3,0,0.4,9.2,0,8.4
12/06/2010,0,0,0,0,0.8,1.5
13/06/2010,0,0,10,2.3,0,0
14/06/2010,2.1,0,12.9,20,1,1.3
15/06/2010,8.1,15.3,0,0.3,0,0
16/06/2010,0,0,1.1,0.4,0,2.4
17/06/2010,10.1,0,0,1.2,11.6,0
18/06/2010,0,0,1.2,0,0,0
19/06/2010,0,0,1.8,3.7,1.8,1.3
20/06/2010,0,7.8,4.1,0.5,5.6,0
21/06/2010,4.4,0,0.1,0,11.2,0
22/06/2010,0,0,0,0,2.8,0
23/06/2010,0,0,1.1,0,0,0
24/06/2010,5.4,0,0.1,14.8,0,4.2
25/06/2010,0,0,0,0,0.3,0
26/06/2010,4.1,0,4.2,0,2.7,0
27/06/2010,0,0,9.5,0.3,0,0
28/06/2010,3.5,0,6.2,19.4,5,0
29/06/2010,1.8,6.1,2,2.6,2.8,0
30/06/2010,0,0,40.1,6.3,10,4.4
01/07/2010,6.5,0,1.4,0,0,0
02/07/2010,4.8,20.3,2.9,4,0,9.7
03/07/2010,0,0,0,0,2.6,0
04/07/2010,3.7,0,16.9,20.8,29.5,3.5
05/07/2010,0,15.4,14,8.6,7,4.2
06/07/2010,7.4,6.3,2.1,25.8,3.5,11.7
07/07/2010,9,0,3.7,3.4,7,0
08/07/2010,6.8,0,2.5,0,1.6,0
09/07/2010,4.3,0,1.5,0,5.1,0
10/07/2010,10,25.1,3.8,2.9,5.6,0
11/07/2010,2.8,2.5,39.9,3.2,25.2,9.3
12/07/2010,3,3,3.9,19.8,14.2,5.2
13/07/2010,1.8,0,5.1,0.8,18,4
14/07/2010,9.1,0,0.2,4.2,4.9,7.5
15/07/2010,6.3,6.7,4.1,1.1,12.2,4.2
16/07/2010,2.9,2.1,17.4,3,2.7,10.2
17/07/2010,4,0,24.7,22.3,20,12.8
18/07/2010,6.5,0,0,15.8,10,8.4
19/07/2010,7.1,8.4,10.2,0,0,1.1
20/07/2010,4.4,0.3,5.4,6.5,33.2,8.6
21/07/2010,0,0,5.6,5.1,7.2,20.2
22/07/2010,13.6,0,27.2,12.6,24,3.7
23/07/2010,19.4,5,6.4,14,23.6,2.3
24/07/2010,17.1,7.6,3.1,1,0,52.3
25/07/2010,22.8,0,2.7,0,11,0
26/07/2010,10.6,0,0.8,0,0,0
27/07/2010,7.5,12.2,0.2,24.5,9.1,11.4
28/07/2010,4.8,0.5,0,15,0,10.6
29/07/2010,15,0,7.7,0,4.7,0
30/07/2010,19.7,6.2,1.2,0.2,12.5,11.4
31/07/2010,18,0,1.8,52,14.5,10.6
01/08/2010,25,16.4,1.3,1.3,19.2,8.9
02/08/2010,18.6,15.2,14.4,8.2,6.5,1.1
03/08/2010,27.1,0,11.4,21,9,23.2
04/08/2010,12,0,11.1,26.8,0,15.2
05/08/2010,9.4,8.1,1.1,4.5,0,25.2
06/08/2010,6.8,5.2,0,3,7.3,15
07/08/2010,4,4,2.9,0.8,6.3,4.2
08/08/2010,16.3,10.3,15,28.6,13.5,11.7
09/08/2010,22.1,0,7.8,11.5,15.5,4.8
10/08/2010,28.4,0,21.1,17.5,0,24.2
11/08/2010,13.8,0,0,3,7.7,19.3
12/08/2010,6.4,19.1,20.6,12.4,16.5,4.3
13/08/2010,9.6,0,10.5,26.8,11.9,24.7
14/08/2010,21.1,3.4,0,0,6,12.1
15/08/2010,30.2,5.6,20.5,17.1,25.2,0
16/08/2010,18.6,0,18.2,0.4,0,13.1
17/08/2010,8.4,0,9.8,2.3,5.2,1.5
18/08/2010,27.7,0,0,11.9,15.3,23.1
19/08/2010,23.1,20.5,24.4,6.1,11.2,20.2
20/08/2010,4.4,1.5,6.2,11.2,12,16.6
21/08/2010,1.4,0,3.4,0.3,1,50.5
22/08/2010,3.6,5.2,9.1,2,3.5,0
23/08/2010,5.9,4,0,0.4,0,5.2
24/08/2010,27.1,1.2,31.6,28,67,0
25/08/2010,19.8,8.1,0.6,4.4,5,17.8
26/08/2010,8.6,8,0.3,23.2,7,3.3
27/08/2010,4,3,25.6,36.3,14.4,28.2
28/08/2010,22.1,2.3,11.5,11.2,12,17.3
29/08/2010,28,27.6,0.5,0.4,0,11.5
30/08/2010,6.1,21.2,0.3,0.2,1.6,0
31/08/2010,26.6,0,0.5,4.2,13.3,7.3
01/09/2010,0,,12.8,6.2,12.4,8.3
02/09/2010,0,,0,0,0,11
03/09/2010,0,,11.8,13.3,3.3,17.3
04/09/2010,0,,0,0,0,0.2
05/09/2010,0,,0.1,2.1,0.7,4.5
06/09/2010,0,,10,17.6,42,0.5
07/09/2010,0,,0,0,0,23.4
08/09/2010,0,,6.1,1.2,1,0.7
09/09/2010,0,,7.3,1.5,0,0.2
10/09/2010,0,,16.9,0,0,3.1
11/09/2010,0,,0,9.2,0,19.7
12/09/2010,0,,70,0,2.2,22.9
13/09/2010,0,,0.5,2.7,0,3.2
14/09/2010,0,,0.1,0,0,7.9
15/09/2010,0,,6.1,0,0,2.1
16/09/2010,0,,0,8.4,0,3.2
17/09/2010,0,,8.5,0,0,25.1
18/09/2010,0,,0,2.3,0,32.3
19/09/2010,0,,0,0,0,7.4
20/09/2010,0,,1.3,0,0,25.3
21/09/2010,0,,0,0,0,0
22/09/2010,0,,1.3,2.4,1.6,22.8
23/09/2010,0,,0,0,0,0.3
24/09/2010,0,,0,0,0,28.5
25/09/2010,0,,2.7,0,0,2.3
26/09/2010,0,,1.2,0,0,1.5
27/09/2010,0,,0,4.8,0,1.2
28/09/2010,0,,0,0,0,0
29/09/2010,0,,0,0,0,16.9
30/09/2010,0,,0,0,0,4.3
01/10/2010,0,0,0,9.5,0,0
02/10/2010,0,0,0,0,0,0
03/10/2010,0,0,0,0,0,0
04/10/2010,0,0,0,0.2,0,0
05/10/2010,0,0,2.1,1.9,6,0
06/10/2010,0,3.4,9.5,0,0,0
07/10/2010,0,0,1.5,1.2,2.2,0
08/10/2010,0,0,1.4,2,0,0
09/10/2010,0,0,0.6,1.7,0,0
10/10/2010,0,0,0,6.7,0,0
11/10/2010,0,3.2,1.2,1,0,0
12/10/2010,0,1,0,0,0,0
13/10/2010,0,0,0,0,0,0
14/10/2010,0,0,0,0,0,0
15/10/2010,0,0,0,0,0,0
16/10/2010,0,0,5.2,0.2,0,0
17/10/2010,0,0,0,8.4,0,0
18/10/2010,0,0,0,4.4,0,6.2
19/10/2010,0,2,0,0,0,0
20/10/2010,0,0,0,0,0,0
21/10/2010,0,0,0.9,0,0,0
22/10/2010,0,1.2,0,0,0,0
23/10/2010,0,4,0,0,0,0
24/10/2010,0,0,61.5,0,0,0
25/10/2010,0,0,4.1,0,0,0
26/10/2010,0,0,0,0,0,0
27/10/2010,0,0,0,0,0,0
28/10/2010,0,0,0,0,0,0
29/10/2010,0,0,0,0,0,0
30/10/2010,0,0,0,0,0,0
31/10/2010,0,0,0,0.2,0,0
01/11/2010,0,0,0,0,0,0
02/11/2010,0,0,0,0,10,0
03/11/2010,0,0,0,0,0,0
04/11/2010,0,0,0,0,0,0
05/11/2010,0,0,0,0,0,0
06/11/2010,0,0,0,0,0,0
07/11/2010,0,0,0,0,0,0
08/11/2010,0,0,0,0,0,0
09/11/2010,0,0,0,0,0,0
10/11/2010,0,0,0,0,0,0
11/11/2010,0,0,0,0,0,0
12/11/2010,0,0,0,0,0,0
13/11/2010,0,0,0,0,0,0
14/11/2010,0,0,0,0,0,0.3
15/11/2010,0,0,0,0,0,0.3
16/11/2010,0,0,0,4,0,11.5
17/11/2010,9.4,0,2.1,0,4.8,7.7
18/11/2010,6.8,0,0.8,0,0,0
19/11/2010,0,0,0,5.2,0,5.4
20/11/2010,0,0,0,0,0,0
21/11/2010,0,0,0,0,0,0
22/11/2010,0,0,0,0,0,0
23/11/2010,3.1,0,0,0,0,0
24/11/2010,0,0,0,0,0,0
25/11/2010,0,0,0,5.4,8,0
26/11/2010,0,0,0,0,0,0
27/11/2010,0,0,0,0,0,0
28/11/2010,0,0,0,0,0,0
29/11/2010,0,0,0,0,0,0
30/11/2010,0,0,0,0,0,0
01/12/2010,0,0,0,0,0,0
02/12/2010,0,0,0,0,0,0
03/12/2010,0,0,0,0,0,0
04/12/2010,0,0,0,0,0,0
05/12/2010,0,0,0,0,0,0
06/12/2010,0,0,0,0,0,0
07/12/2010,0,0,0,0,0,0
08/12/2010,0,0,0,0,0,0
09/12/2010,0,0,0,0,0,0
10/12/2010,0,0,0,0,0,0
11/12/2010,0,0,0,0,0,0
12/12/2010,0,0,0,0,0,0
13/12/2010,0,0,0,0,0,0
14/12/2010,0,0,0,0,0,0
15/12/2010,0,0,0,0,0,0
16/12/2010,0,0,0,0,0,0
17/12/2010,0,0,0,0,0,0
18/12/2010,0,0,0,0,0,0
19/12/2010,0,0,0,0,0,0
20/12/2010,0,0,0,0,0,0
21/12/2010,0,0,0,0,0,0
22/12/2010,0,0,0,0,0,0
23/12/2010,0,0,0,0,0,0
24/12/2010,0,0,0,0,0,0
25/12/2010,0,0,0,0,0,0
26/12/2010,0,0,0,0,0,0
27/12/2010,0,0,0,0,0,0
28/12/2010,0,0,0,0,0,0
29/12/2010,0,0,0,0,0,0
30/12/2010,0,0,0,0,0,0
31/12/2010,0,0,0,0,0,0
01/01/2011,0,,0,0,0,0
02/01/2011,0,,0,0,0,0
03/01/2011,0,,0,0,0,0
04/01/2011,0,,0,0,0,0
05/01/2011,0,,0,0,0,0
06/01/2011,0,,0,0,0,0
07/01/2011,0,,0,0,0,0
08/01/2011,0,,0,0,0,0
09/01/2011,0,,0,0,0,0
10/01/2011,0,,0,0,0,0
11/01/2011,0,,0,0,0,0
12/01/2011,0,,0,0,0,0
13/01/2011,0,,0,0,0,0
14/01/2011,0,,0,0,0,0
15/01/2011,0,,0,0,0,0
16/01/2011,0,,0,0,0,0
17/01/2011,0,,0,0,0,0
18/01/2011,0,,0,0,0,0
19/01/2011,0,,0,0,0,0
20/01/2011,0,,0,0,0,0
21/01/2011,0,,0,0,0,0
22/01/2011,0,,0,0,0,0
23/01/2011,0,,0,0,0.5,0
24/01/2011,0,,0,0,1.7,0
25/01/2011,0,,0,0.9,0,0
26/01/2011,0,,0,1.6,0,0
27/01/2011,0,,0,0,0,0
28/01/2011,0,,0,0,0,0
29/01/2011,0,,0,0,0,0
30/01/2011,0,,0,0,0,0
31/01/2011,0,,0,0,0,0
01/02/2011,0,0,0,,0,0
02/02/2011,0,0,0,,0,0
03/02/2011,0,0,0,,0,0
04/02/2011,0,0,0,,0,0
05/02/2011,0,0,0,,0,0
06/02/2011,0,0,0,,0,0
07/02/2011,0,0,0,,0,0
08/02/2011,0,0,0,,0,0
09/02/2011,0,0,0,,0,0
10/02/2011,0,0,0,,0,0
11/02/2011,0,0,0,,0,0
12/02/2011,0,0,0,,0,0
13/02/2011,0,0,0,,0,0
14/02/2011,0,0,0,,0,0
15/02/2011,0,0,0,,0,0
16/02/2011,0,0,0,,0,0
17/02/2011,0,0,0,,0,0
18/02/2011,0,0,0,,0,0
19/02/2011,0,0,0,,0,0
20/02/2011,0,0,0,,0,0
21/02/2011,0,0,0,,0,0
22/02/2011,0,0,0,,0,0
23/02/2011,0,0,0,,0,0
24/02/2011,0,0,0,,0,0
25/02/2011,0,0,0,,0,0
26/02/2011,0,0,0,,0,0
27/02/2011,0,0,0,,0,0
28/02/2011,0,0,0,,0,0
01/03/2011,0,0,0,0,0,0
02/03/2011,0,0,0,0,0,0
03/03/2011,0,0,0,0,0,0
04/03/2011,0,0,0,0,0,0
05/03/2011,0,0,0,0,0,0
06/03/2011,0,0,0,0,0,0
07/03/2011,0,0,0,0,0,0
08/03/2011,0,0,0,0,0,0
09/03/2011,0,0,0,1.2,1.2,0
10/03/2011,0,0,0,8.5,5.3,13.3
11/03/2011,0,0,16.7,1.6,0,0
12/03/2011,0,0,0,0,0,2.1
13/03/2011,0,0,0,0,7.3,0
14/03/2011,0,0,4.4,2.2,3.2,92
15/03/2011,0,0,7,4.4,0.5,4.1
16/03/2011,0,0,1.8,2,0,3.3
17/03/2011,0,0,0,0,0,0
18/03/2011,0,0,0,0,0,0
19/03/2011,0,0,0,0,0,0
20/03/2011,0,0,0,0,0,0
21/03/2011,0,0,0,0,0,0
22/03/2011,0,0,0,0,0,0
23/03/2011,0,0,0,0,0,0
24/03/2011,0,0,0,0,0,0
25/03/2011,0,0,0,0,0,0
26/03/2011,0,0,0,0,0,0
27/03/2011,0,0,0,0,0,0
28/03/2011,0,0,0,0,0,0
29/03/2011,0,0,0,0,0,0
30/03/2011,0,0,0,0,0,0
31/03/2011,0,0,0,0,0,0
01/04/2011,0,0,,0,0,0
02/04/2011,0,0,,0,0,0
03/04/2011,0,0,,0,0,0
04/04/2011,0,0,,0,0,0
05/04/2011,0,0,,0,0,0
06/04/2011,0,0,,0,0,0
07/04/2011,0,0,,0,0,0
08/04/2011,0,0,,0,0,0
09/04/2011,0,0,,0,0,0
10/04/2011,0,0,,0,0,0
11/04/2011,0,0,,0,0,0
12/04/2011,0,0,,0,1.8,0
13/04/2011,6.9,0,,1.1,0,0
14/04/2011,0,0,,0,0,0
15/04/2011,0,0,,2.7,0,0
16/04/2011,0,0,,0,0,0
17/04/2011,0,0,,0,0,0
18/04/2011,0,0,,0,0,0
19/04/2011,10.8,0,,5,0.7,0
20/04/2011,0,0,,0,0,0
21/04/2011,0,0,,13.5,9.8,8.6
22/04/2011,0,0,,0,2.5,0.8
23/04/2011,0,0,,1.5,0,0
24/04/2011,0,0,,0,0,0
25/04/2011,0,0,,0,0,0
26/04/2011,0,0,,0,0,0
27/04/2011,0,0,,0,0,0
28/04/2011,0,0,,0,0,0
29/04/2011,0,0,,0,10.6,0
30/04/2011,0,0,,0,0,0
01/05/2011,0,0,0,0,0,0
02/05/2011,0,0,0,0,0,0
03/05/2011,0,0,0,0,0,0
04/05/2011,0,0,0,0,0,0
05/05/2011,0,0,0,0,0,0
06/05/2011,0,0,0,0,0,0
07/05/2011,0,0,0,0,0,0
08/05/2011,0,0,2.5,0,0,6.5
09/05/2011,0,0,3.6,0,0,4.5
10/05/2011,0,0,26.3,20.4,7.5,30.7
11/05/2011,0,0,0.5,0,0,0
12/05/2011,0,0,0,0,0,0
13/05/2011,0,0,0,1.7,0,3.7
14/05/2011,0,0,7.6,0,0,3.3
15/05/2011,1.4,0,3,34.2,48.5,2.3
16/05/2011,3.5,0,7.1,0,3.3,4.2
17/05/2011,7.8,0,0,0,0,5.4
18/05/2011,0,0,0,0,0,2.1
19/05/2011,3.4,0,22,19.4,15,0
20/05/2011,15,0,0.6,0,0,0
21/05/2011,7.3,0,0,0,0,0
22/05/2011,0,0,0,9.2,5,4.2
23/05/2011,10.1,0,0,0.1,0,2.4
24/05/2011,18,0,4.6,3.6,13,0
25/05/2011,0,0,7.2,3.2,0.3,3.7
26/05/2011,6.1,0,4.6,0,0,0
27/05/2011,4.8,0,22.6,0,2.5,17.2
28/05/2011,9.3,0,0.2,1.9,17.3,2.4
29/05/2011,11,0,2,0.2,10.8,2.4
30/05/2011,17.6,0,4.1,10.8,0,0
31/05/2011,10.4,0,4.5,0,0,0
01/06/2011,11.5,0,0.6,0,0.8,3.5
02/06/2011,8.2,0,10.3,4.6,7,0
03/06/2011,3.5,0,0.9,0.4,0,0
04/06/2011,7.1,0,16.7,0,14.5,44.7
05/06/2011,0,0,0.3,0.5,0,0
06/06/2011,0,0,1.9,0,0,0
07/06/2011,0,0,0,2.4,2,21.4
08/06/2011,0,0,0,0,0,0
09/06/2011,1.3,0,0.3,0,7.7,0
10/06/2011,0,16.2,0.3,0,0,0
11/06/2011,15.6,10.2,5.1,15.8,47,0
12/06/2011,50.2,0,10.2,13,6.6,24.6
13/06/2011,40.3,2.3,11.2,0.5,0.2,13.8
14/06/2011,47,0,0,3.1,3.2,0
15/06/2011,9.6,0,3.3,0,2.4,0
16/06/2011,4.2,0,0.2,0.3,0,0
17/06/2011,0,0,11.5,0,4,0
18/06/2011,0,0,0,0,0,0
19/06/2011,0,0,31.1,3.4,1.6,0
20/06/2011,0,0,0,0,9.2,0
21/06/2011,0,0,6,4.2,4.8,0
22/06/2011,0,5.2,5.5,0.4,1,0
23/06/2011,0,0,4.1,88.1,14.8,3.2
24/06/2011,0,0,0,0,36,0
25/06/2011,24,0,0,1.3,0,0
26/06/2011,0,0,10.2,8.1,0,26.3
27/06/2011,6.4,8.4,4.3,0,1.7,24.2
28/06/2011,18.3,0,19.7,4.4,5.7,0
29/06/2011,28.7,1.2,14.4,20.8,6.2,0
30/06/2011,9.4,0,0,0.7,13.4,0
01/07/2011,0,15.2,0,8.8,,0
02/07/2011,5.4,12.1,26,6.6,,0
03/07/2011,8,0,3.4,12.6,,35.5
04/07/2011,0,0,5.7,10.2,,0
05/07/2011,3,0,12.3,5.3,,10.8
06/07/2011,1.8,0,0.6,5.2,,5.7
07/07/2011,4,0,3.2,5.3,,5.2
08/07/2011,0,0,0,1.8,,0
09/07/2011,35.1,0,9.9,11.9,,6.2
10/07/2011,26.3,0,2.1,0.9,,1.4
11/07/2011,15,0,6.7,1.3,,7.5
12/07/2011,18,0,18.7,10.6,,6
13/07/2011,10.6,10.1,2.9,14,,0
14/07/2011,8.4,0,2.8,2.9,,5.7
15/07/2011,33.2,20.4,1.9,5,,2.3
16/07/2011,28.1,0,3.9,1.5,,0
17/07/2011,19.4,0,1.6,3.7,,0
18/07/2011,0,0,0,0.2,,15.5
19/07/2011,8.3,6.5,0,0.6,,9.5
20/07/2011,22.1,0,12.6,9.3,,1.8
21/07/2011,10.4,0,0,1,,9.3
22/07/2011,45.7,10.5,0.1,20,,1.4
23/07/2011,49,0,2.3,3,,5.7
24/07/2011,25.1,0,4.4,0,,8.3
25/07/2011,10.5,0,0.2,0.3,,0
26/07/2011,3.8,0,14.6,13.2,,6.3
27/07/2011,44,12.3,0,13.8,,3.5
28/07/2011,22.6,0,7.1,5.8,,35.3
29/07/2011,13,0,0,19.1,,14.1
30/07/2011,28.7,0.5,21.7,32.5,,6.5
31/07/2011,35.1,0,0,4.5,,10.2
01/08/2011,10.1,0,9.1,7.3,2.4,12.4
02/08/2011,22.3,0,0.4,10.4,10.2,10.2
03/08/2011,6.8,0,0.3,19.2,11.2,9.3
04/08/2011,0,20.6,26.8,4.6,6.7,9.3
05/08/2011,9.4,6.8,22.1,9,4,8.9
06/08/2011,10.6,0,0.3,13.3,6,22.2
07/08/2011,8,0,3.9,16.7,16,42.3
08/08/2011,9.1,0,40.1,0.1,12.6,0
09/08/2011,25.6,15.6,14.1,13,10,5.4
10/08/2011,18,10.2,2.3,0,6.9,0
11/08/2011,15.3,7.1,2.1,7.9,0.2,22.2
12/08/2011,0,13.1,0,17.9,12,14.7
13/08/2011,6.4,0,32.9,13.6,1.6,0
14/08/2011,9.2,8.2,1.5,13.6,8,6.1
15/08/2011,2.1,20.3,4.6,10.8,15.7,2.5
16/08/2011,0,0.5,1.2,2,12,3.2
17/08/2011,0,0,0.3,9.6,10.4,28.5
18/08/2011,16.4,0.5,24.4,25.2,2.8,9.2
19/08/2011,9,16.3,3.9,1.6,2.6,41.1
20/08/2011,0,8.5,0,2.2,10.2,4.2
21/08/2011,0,12,0,6.3,13,6.6
22/08/2011,0,4.2,3.3,0,0,35.3
23/08/2011,25.6,0,0,7.4,1,1.5
24/08/2011,14.1,20,3.8,1.7,3.5,3.2
25/08/2011,3.5,10.1,1.1,9.2,0,13.3
26/08/2011,0,7.3,2,9.7,35.6,9.2
27/08/2011,33.6,6.4,6.8,25.7,9.5,2.7
28/08/2011,26.1,12.3,13.4,0.3,0,0
29/08/2011,30.2,5,11.7,5.2,25,17.2
30/08/2011,24.6,1,11,0.7,6.7,0
31/08/2011,21.1,15.3,1.1,3.8,8.2,5.2
01/09/2011,11,,0,12,0,1.2
02/09/2011,6.2,,0.2,10.5,4.7,2.4
03/09/2011,25.4,,1.1,1.4,0,3.2
04/09/2011,30.3,,4.9,12.3,4.5,1
05/09/2011,16.5,,0,0,0,0
06/09/2011,22,,1.3,3,14,1.2
07/09/2011,0,,5,0.3,8.1,7.2
08/09/2011,18.9,,19.2,10.6,9.8,0
09/09/2011,18.6,,0.2,7,10,0
10/09/2011,6.3,,13.8,3,7.2,0
11/09/2011,9.4,,6.1,13.2,1.3,15.3
12/09/2011,0,,10.6,4,0,12.5
13/09/2011,25.4,,3,2.3,11.5,4.2
14/09/2011,34.6,,0.7,0,7.2,3
15/09/2011,8.9,,2.1,0,2.5,4.4
16/09/2011,12.5,,8.4,3,9.7,10.1
17/09/2011,0,,1.4,6.4,0,0
18/09/2011,0,,0,3.2,0,0
19/09/2011,0,,0.3,0,0,0
20/09/2011,6.8,,0.2,0,0,0
21/09/2011,0,,0.3,0,0,0
22/09/2011,0,,1.8,2.5,0,0
23/09/2011,4.5,,0.1,3.9,0,0
24/09/2011,0,,5.4,0,0,24.4
25/09/2011,0,,12.2,4.1,0,0
26/09/2011,0,,0,0.8,2.5,7.6
27/09/2011,0,,0,0,0.5,0
28/09/2011,0,,0,0,0,0
29/09/2011,0,,0,0,0,0
30/09/2011,0,,0,0,0,0
01/10/2011,0,0,,0,0,0
02/10/2011,0,0,,0,0,0
03/10/2011,0,0,,1.8,0,0
04/10/2011,0,0,,6,0,0
05/10/2011,0,0,,0,0,0
06/10/2011,0,0,,0,0,0
07/10/2011,0,0,,0,0,0
08/10/2011,0,0,,0,0,0
09/10/2011,0,0,,4.6,0,0
10/10/2011,0,2,,0,0,0
11/10/2011,0,0,,0,0,0
12/10/2011,0,0,,0,0,0
13/10/2011,0,1,,3.3,0,5.2
14/10/2011,0,0,,0,0,0
15/10/2011,16.1,0,,22.6,0,0
16/10/2011,22,0,,0,0,0
17/10/2011,6.8,3,,0,0,0
18/10/2011,0,0,,0,0,0
19/10/2011,0,0,,0,0,0
20/10/2011,18.6,4.2,,0,0,0
21/10/2011,0,0,,0,0,0
22/10/2011,24,0,,0,0,0
23/10/2011,6.2,0,,0,0,0
24/10/2011,0,10,,0,0,0
25/10/2011,4.8,0.5,,0,0,
26/10/2011,7.1,6.1,,0,0,0
27/10/2011,0,1,,0,0,0
28/10/2011,0,0,,0,0,0
29/10/2011,0,0.3,,0,0,0
30/10/2011,0,0,,0,0,0
31/10/2011,0,2.1,,14,0,0
01/11/2011,0,0,,0,0,3.2
02/11/2011,0,0,,0,0,2.6
03/11/2011,0,0,,14.6,0,14.5
04/11/2011,0,0,,1,20,3.3
05/11/2011,0,0,,0,0,1.5
06/11/2011,0,0,,0,0.7,0
07/11/2011,0,0,,0,6,0
08/11/2011,0,0,,7.4,0,0
09/11/2011,0,0,,0.4,0,0
10/11/2011,0,0,,17.4,7,0
11/11/2011,0,0,,0,0,0
12/11/2011,0,0,,0,0,0
13/11/2011,0,0,,5.8,0,0
14/11/2011,0,0,,0,0,0
15/11/2011,0,0,,0,0,0
16/11/2011,0,0,,0,0,0
17/11/2011,0,0,,0,0,0
18/11/2011,0,0,,0,0,0
19/11/2011,0,0,,0,0,0
20/11/2011,0,0,,0,0,0
21/11/2011,0,0,,0,0,0
22/11/2011,0,0,,0,0,0
23/11/2011,0,0,,0,0,0
24/11/2011,0,0,,0,0,0
25/11/2011,0,0,,0,0,0
26/11/2011,0,0,,0,0,0
27/11/2011,0,0,,0,0,0
28/11/2011,0,0,,0,0,0
29/11/2011,0,0,,0,0,0
30/11/2011,0,0,,0,0,0
01/12/2011,0,0,0,0,0,0
02/12/2011,0,0,0,0,0,0
03/12/2011,0,0,0,0,0,0
04/12/2011,0,0,0,0,0,0
05/12/2011,0,0,0,0,0,0
06/12/2011,0,0,0,0,0,0
07/12/2011,0,0,0,0,0,0
08/12/2011,0,0,0,0,0,0
09/12/2011,0,0,0,0,0,0
10/12/2011,0,0,0,0,0,0
11/12/2011,0,0,0,0,0,0
12/12/2011,0,0,0,0,0,0
13/12/2011,0,0,0,0,0,0
14/12/2011,0,0,0,0,0,0
15/12/2011,0,0,0,0,0,0
16/12/2011,0,0,0,0,0,0
17/12/2011,0,0,0,0,0,0
18/12/2011,0,0,0,0,0,0
19/12/2011,0,0,0,0,0,0
20/12/2011,0,0,0,0,0,0
21/12/2011,0,0,0,0,0,0
22/12/2011,0,0,0,0,0,0
23/12/2011,0,0,0,0,0,0
24/12/2011,0,0,0,0,0,0
25/12/2011,0,0,0,0,0,0
26/12/2011,0,0,0,0,0,0
27/12/2011,0,0,0,0,0,0
28/12/2011,0,0,0,0,0,0
29/12/2011,0,0,0,0,0,0
30/12/2011,0,0,0,0,0,0
31/12/2011,,0,0,0,0,0
01/01/2012,0,0,0,0,0,0
02/01/2012,0,0,0,0,0,0
03/01/2012,0,0,0,0,0,0
04/01/2012,0,0,0,0,0,0
05/01/2012,0,0,0,0,0,0
06/01/2012,0,0,0,0,0,0
07/01/2012,0,0,0,0,0,0
08/01/2012,0,0,0,0,0,0
09/01/2012,0,0,0,0,0,0
10/01/2012,0,0,0,0,0,0
11/01/2012,0,0,0,0,0,0
12/01/2012,0,0,1.5,0,0,0
13/01/2012,0,0,0,0,0,0
14/01/2012,0,0,0,0,0,0
15/01/2012,0,0,0,9.8,0,0
16/01/2012,0,0,0,0,0,0
17/01/2012,0,0,0,0,0,0
18/01/2012,0,0,0,0,0,0
19/01/2012,0,0,0,0,0,0
20/01/2012,0,0,0,0,0,0
21/01/2012,0,0,0,0,0,0
22/01/2012,0,0,0,0,0,0
23/01/2012,0,0,0,0,0,0
24/01/2012,0,0,0,0,0,0
25/01/2012,0,0,0,0,0,0
26/01/2012,0,0,0,0,0,0
27/01/2012,0,0,0,0,0,0
28/01/2012,0,0,0,0,0,0
29/01/2012,0,0,0,0,0,0
30/01/2012,0,0,0,0,0,0
31/01/2012,0,0,0,0,0,0
01/02/2012,0,0,0,0,0,0
02/02/2012,0,0,0,0,0,0
03/02/2012,0,0,0,0,0,0
04/02/2012,0,0,0,0,0,0
05/02/2012,0,0,0,0,0,0
06/02/2012,0,0,0,0,0,0
07/02/2012,0,0,0,0,0,0
08/02/2012,0,0,0,0,0,0
09/02/2012,0,0,0,0,0,0
10/02/2012,0,0,0,0,0,0
11/02/2012,0,0,0,0,0,0
12/02/2012,0,0,0,0,0,0
13/02/2012,0,0,0,0,0,0
14/02/2012,0,0,0,0,0,0
15/02/2012,0,0,0,0,0,0
16/02/2012,0,0,0,0,0,0
17/02/2012,0,0,0,0,0,0
18/02/2012,0,0,0,0,0,0
19/02/2012,0,0,0,0,0,0
20/02/2012,0,0,0,0,0,0
21/02/2012,0,0,0,0,0,0
22/02/2012,0,0,0,0,0,0
23/02/2012,0,0,0,0,0,0
24/02/2012,0,0,0,0,0,0
25/02/2012,0,0,0,0,0,0
26/02/2012,0,0,0,0,0,0
27/02/2012,0,0,0,0,0,0
28/02/2012,0,0,0,0,0,0
29/02/2012,0,0,0,0,0,0
01/03/2012,0,0,,0,0,0
02/03/2012,0,0,,0,0,0
03/03/2012,0,0,,0.6,0,0
04/03/2012,0,0,,0,0,0
05/03/2012,0,0,,0,0,0
06/03/2012,0,0,,0,0,0
07/03/2012,0,0,,0,0,0
08/03/2012,0,0,,0,0,0
09/03/2012,0,0,,0,0,0
10/03/2012,0,0,,0,0,0
11/03/2012,0,0,,0,0,0
12/03/2012,0,0,,0,0,0
13/03/2012,0,0,,0,0,0
14/03/2012,0,0,,0,0,0
15/03/2012,0,0,,0,0,0
16/03/2012,0,0,,0,0,0
17/03/2012,0,0,,0,0,0
18/03/2012,0,0,,0,0,0
19/03/2012,0,10.3,,0.2,0,0
20/03/2012,0,0,,0,0,0
21/03/2012,0,0,,0,0,0
22/03/2012,0,0,,3.1,0,0
23/03/2012,0,0,,0,0,0
24/03/2012,0,0,,0,0,0
25/03/2012,0,0,,0,0,0
26/03/2012,0,0,,2.3,0,0
27/03/2012,0,0,,0,0,0
28/03/2012,0,0,,2.7,0,0
29/03/2012,0,0.5,,0,0,0
30/03/2012,0,0,,0,0,0
31/03/2012,0,0,,0,0,0
01/04/2012,,0,0,0,0,0
02/04/2012,,0,0,0,0,0
03/04/2012,,0,0,0,0,0
04/04/2012,,0,0,0,0,0
05/04/2012,,0,0,0,0,0
06/04/2012,,0,0,0,0,0
07/04/2012,,0,0,0,0,0
08/04/2012,,0,0,0,0,0
09/04/2012,,0,0,0,0,0
10/04/2012,,0,0,0,0,0
11/04/2012,,0,0,0,0,0
12/04/2012,,0,0,0,0,0
13/04/2012,,0,0,0,0,0
14/04/2012,,0,0,0,0,0
15/04/2012,,0,0,0,0,0
16/04/2012,,0,0,0,0,0
17/04/2012,,0,0,0,0,0
18/04/2012,,0,0,0,0,0
19/04/2012,,0,0,0,0,0
20/04/2012,,0,0,0,0,0
21/04/2012,,0,0,0,0,0
22/04/2012,,0,0,0,0,0
23/04/2012,,0,0,0,0,0
24/04/2012,,0,0,0,0,0
25/04/2012,,0,0,0,0,0
26/04/2012,,0,0,0,0,0
27/04/2012,,0,0,0,0,0
28/04/2012,,0,0,0,0,0
29/04/2012,,0,0,0,0,0
30/04/2012,,0,0,0,0,0
01/05/2012,,0.6,,0,0,0
02/05/2012,,0,,0,0,0
03/05/2012,,0,,0,0,0
04/05/2012,,0,,0,0,0
05/05/2012,,0,,0,0,0
06/05/2012,,0,,0.1,0,0
07/05/2012,,0,,6.3,0,5.2
08/05/2012,,0,,15.6,38.5,9.4
09/05/2012,,0,,1.8,0,10.3
10/05/2012,,0,,0,0,0
11/05/2012,,1,,2.8,0,0
12/05/2012,,0,,1.9,0,0
13/05/2012,,0,,0,0,0
14/05/2012,,0,,0,0,0
15/05/2012,,0,,0,0,0
16/05/2012,,6.1,,0,0,0
17/05/2012,,0,,2.7,0,0
18/05/2012,,0,,0,0,3.8
19/05/2012,,0,,0,0,0
20/05/2012,,0,,0,0,0
21/05/2012,,0,,0,0,0
22/05/2012,,0,,0,0,0
23/05/2012,,0,,0,0,0
24/05/2012,,0,,0,0,0
25/05/2012,,0,,0,0,0
26/05/2012,,0,,0,0,0
27/05/2012,,0,,0,0,0
28/05/2012,,0,,0,0,0
29/05/2012,,0,,0,0,0
30/05/2012,,0,,0,0,0
31/05/2012,,0,,0,0,0
01/06/2012,,0,0,0,17,0
02/06/2012,,0,0,0,0,0
03/06/2012,,0,0,0,0,0
04/06/2012,,0,1.4,0,0,0
05/06/2012,,0,0,5.4,0,0
06/06/2012,,0,0,0,0,0
07/06/2012,,0,47.2,0.7,0,1.3
08/06/2012,,20.5,5,6.7,0,2.2
09/06/2012,,0,0,1,0,2.3
10/06/2012,,0,1.7,6.5,0,0
11/06/2012,,0,0,1.3,0,30.6
12/06/2012,,0,0,0,0,0
13/06/2012,,0,2.9,0,0,0
14/06/2012,,7.2,4.7,0,0,0
15/06/2012,,10.5,0,0,0,0
16/06/2012,,15.6,0,0,0,0
17/06/2012,,20.1,3.8,0,10,0
18/06/2012,,15.5,5.7,2,20,0
19/06/2012,,30.2,5.2,9.5,0,0
20/06/2012,,0,0,7.5,10,0
21/06/2012,,0,10.3,3.6,10.1,0
22/06/2012,,0,0,11.6,12,36.6
23/06/2012,,20.5,15.3,0.3,2.2,0
24/06/2012,,10.2,1.6,15.3,9,0
25/06/2012,,0,3.1,18.2,14.5,10.3
26/06/2012,,0,16.2,3.7,0,19.5
27/06/2012,,20,1.4,2.5,4,46.6
28/06/2012,,0.5,1.1,0,3.7,7.4
29/06/2012,,6.5,27.1,9.2,54,3.3
30/06/2012,,10,0,12.3,2.2,9.7
01/07/2012,,8.3,8.9,5,4.5,13.8
02/07/2012,,10,3.5,10.7,0,9.2
03/07/2012,,6.4,2.3,7.7,13,10.3
04/07/2012,,0,21.8,9.5,10,7.2
05/07/2012,,0,3,2.8,3.7,1.5
06/07/2012,,0.5,21.8,37.2,20.8,0
07/07/2012,,8,11.3,9.2,25,17.4
08/07/2012,,12.1,0.1,4.7,30.8,15
09/07/2012,,20,7.1,16.1,7.2,3.5
10/07/2012,,60,0.2,2.8,3.8,3.3
11/07/2012,,20.2,5.8,2.9,6.5,11.4
12/07/2012,,10,14.4,14.3,9.6,3.1
13/07/2012,,15,7.3,0,7.2,11.1
14/07/2012,,6,0,10.2,0,7.3
15/07/2012,,5,10.9,25.5,2,10.5
16/07/2012,,7,99.1,8.1,17,23.1
17/07/2012,,6.1,29.7,13.1,13.8,15.8
18/07/2012,,5.3,23.5,27,24.5,3.8
19/07/2012,,10.2,30.4,18.5,16.8,44.1
20/07/2012,,15.6,0.2,8.8,9.8,17.3
21/07/2012,,30,3.4,33,0.2,132.3
22/07/2012,,25.6,0.9,0.6,1.6,3
23/07/2012,,10.1,6.2,15.7,14.4,9.3
24/07/2012,,40.2,3.9,10.7,23.4,7.5
25/07/2012,,25.3,8.9,4.5,9.5,4.2
26/07/2012,,12,10.2,0,3.3,3.7
27/07/2012,,15.5,32.3,52.8,22,0
28/07/2012,,30.1,7.6,6.1,13.6,17.6
29/07/2012,,16,8.5,0,6,13.4
30/07/2012,,32,6.3,24,3.4,18.9
31/07/2012,,0.5,0.2,0,0,16.3
01/08/2012,,16.2,27.2,38.2,13,0
02/08/2012,,8.2,12.2,13.5,27.2,10.2
03/08/2012,,40,32.4,17.1,0,9.4
04/08/2012,,35.1,12.8,9.8,23,26.1
05/08/2012,,0,8.3,8.8,11.3,30.6
06/08/2012,,10.3,16,11.8,5.3,33.3
07/08/2012,,0,29.3,25.4,17.6,6.4
08/08/2012,,0,0.1,15.4,3.5,9.6
09/08/2012,,50.6,5.2,40.4,13,10.2
10/08/2012,,25.3,8.3,14.5,7.2,12.3
11/08/2012,,20,11.1,10.8,23,23.4
12/08/2012,,15.4,10.4,2.1,17.2,14.9
13/08/2012,,20.2,0.4,12.3,22,26.2
14/08/2012,,27,5.1,15,11,10
15/08/2012,,0,11.9,11.2,7.2,4.2
16/08/2012,,0,2.3,4.2,4.5,2.2
17/08/2012,,35,27.6,0.8,0,46.5
18/08/2012,,17.3,0.2,12,5.9,25.2
19/08/2012,,8.5,0,1.8,0,0
20/08/2012,,45.1,6,0,0.4,17.8
21/08/2012,,9,0.3,0.2,5.8,0
22/08/2012,,18.5,30,2.5,6.8,2.3
23/08/2012,,10,19.5,25,0.4,1.5
24/08/2012,,0,2.9,2,18.4,44.3
25/08/2012,,0,11.8,0,16.5,0
26/08/2012,,30,3.9,4.3,11,43.7
27/08/2012,,15.6,4.1,23.2,6,48.4
28/08/2012,,0.5,5.5,6.8,18.4,2.1
29/08/2012,,27,3.2,21.5,22.4,28.4
30/08/2012,,8.1,33.1,0,0,0
31/08/2012,,20,2.2,3.8,0,2.3
01/09/2012,,20.1,,1,7.4,5.2
02/09/2012,,0,,2.7,7.1,7.4
03/09/2012,,0,,4,6.2,35.4
04/09/2012,,0,,0,2.9,12.8
05/09/2012,,0,,3.6,0,0
06/09/2012,,0,,1.8,2.1,25.5
07/09/2012,,0,,10.8,7.5,0
08/09/2012,,0,,13,2.1,6.5
09/09/2012,,0,,0,0,0
10/09/2012,,0,,0,0,2.3
11/09/2012,,0,,8.9,0,0
12/09/2012,,0,,1.1,0,6.3
13/09/2012,,0,,0.1,0,0
14/09/2012,,0,,0,1.8,12.2
15/09/2012,,6,,12.6,1.6,1.5
16/09/2012,,0,,2.2,1.5,3.2
17/09/2012,,0,,9.3,1.6,1.4
18/09/2012,,0,,5.7,1,0.8
19/09/2012,,0,,8.7,0,0
20/09/2012,,0,,5,0,0
21/09/2012,,0,,0,0,0
22/09/2012,,0.2,,0,0,0
23/09/2012,,0,,5.1,0,0
24/09/2012,,0,,15.3,0,0
25/09/2012,,0,,16,0,0
26/09/2012,,0,,0,0,0
27/09/2012,,0,,0,0,0
28/09/2012,,0,,0,0,0
29/09/2012,,4.3,,0,0,0
30/09/2012,,0,,8.3,0,0
01/10/2012,,10,0.2,0.4,0,2.7
02/10/2012,,30,0.3,0,0,0
03/10/2012,,0,0,0,0,0
04/10/2012,,0,0,0,0,0
05/10/2012,,0,0,0,0,0
06/10/2012,,0,0,0,0,0
07/10/2012,,0,0,0,0,0
08/10/2012,,0,0,0,0,0
09/10/2012,,0,0,0,0,0
10/10/2012,,0,0,3.2,0,0
11/10/2012,,0,0,0,0,0
12/10/2012,,0,0,0,0,0
13/10/2012,,0,0,0,0,0
14/10/2012,,0,0,0,0,0
15/10/2012,,0,0,0,0,0
16/10/2012,,0,0,0,0,0
17/10/2012,,0,0,0,0,0
18/10/2012,,0,0,0,0,0
19/10/2012,,0,0,0,0,0
20/10/2012,,0,0,0,0,0
21/10/2012,,0,0,0,0,0
22/10/2012,,0,0,0,0,0
23/10/2012,,0,0,0,0,0
24/10/2012,,0,0,0,0,0
25/10/2012,,0,0,0,0,0
26/10/2012,,0,0,0,0,0
27/10/2012,,0,0,0,0,0
28/10/2012,,0,19.7,0,0,0
29/10/2012,,0,0,19.8,0,40.3
30/10/2012,,0,10.4,12,0,5.2
31/10/2012,,0,1.4,8.5,0,25.4
01/11/2012,,0,0,0,0,0
02/11/2012,,0,9.8,0,0,1.2
03/11/2012,,0,0,7.2,2.2,3.5
04/11/2012,,0,0,0,0,2.2
05/11/2012,,0,13.4,1.7,2.5,1.2
06/11/2012,,0,0,0,0,1.3
07/11/2012,,0,0,4.5,18.2,0
08/11/2012,,0,0.7,22.7,4,0
09/11/2012,,0,0,5.2,0,0
10/11/2012,,0,0,0,0,0
11/11/2012,,0,0,0,0,0
12/11/2012,,0,0,0,0,0
13/11/2012,,0,2.8,0,0,0
14/11/2012,,0,0,2,2.5,0
15/11/2012,,0,0,0,0,0
16/11/2012,,0,0,0,0,0
17/11/2012,,0,0,0,0,0
18/11/2012,,0,0,0,0,0
19/11/2012,,0,0,0,0,0
20/11/2012,,0,0,0,0,0
21/11/2012,,0,0,0,0,0
22/11/2012,,0,0,0,0,0
23/11/2012,,0,0,0,0,0
24/11/2012,,0,0,0,0,0
25/11/2012,,0,0,0,0,0
26/11/2012,,0,0,0,0,0
27/11/2012,,0,0,0,0,0
28/11/2012,,0,0.2,0,0,0
29/11/2012,,0,0,7.8,0,0
30/11/2012,,0,0,0,0,0
01/12/2012,,0,0,0,0,0
02/12/2012,,0,0,0,0,0
03/12/2012,,0,0,0,0,0
04/12/2012,,0,0,0,0,0
05/12/2012,,0,0,0,0,0
06/12/2012,,0,0,0,0,0
07/12/2012,,0,0,0,0,0
08/12/2012,,0,0,0,0,0
09/12/2012,,0,0,0,0,0
10/12/2012,,0,0,0,0,0
11/12/2012,,10.5,0,0,0,0
12/12/2012,,0,0,0,0,0
13/12/2012,,0,0,0,0,0
14/12/2012,,0,0,0,0,0
15/12/2012,,20,0,0,0,0
16/12/2012,,0,0,0,0,0
17/12/2012,,0,0,0,0,0
18/12/2012,,0,4.8,0,0,11.3
19/12/2012,,0.5,0,11.1,0,0
20/12/2012,,0,0,0,0,0
21/12/2012,,0,0,0,0,0
22/12/2012,,0,0,0,0,0
23/12/2012,,0,0,0,0,0
24/12/2012,,0,0,0,0,0
25/12/2012,,0,0,0,0,0
26/12/2012,,0,0,0,0,0
27/12/2012,,0,0,0,0,0
28/12/2012,,0,0,0,0,0
29/12/2012,,0,0,0,0,0
30/12/2012,,0,0,0,0,0
31/12/2012,,0,0,0,0,0
01/01/2013,,0,0,0,0,0
02/01/2013,,0,0,0,0,0
03/01/2013,,0,0,0,0,0
04/01/2013,,0,0,0,0,0
05/01/2013,,0,0,0,0,0
06/01/2013,,0,0,0,0,0
07/01/2013,,0,0,0,0,0
08/01/2013,,0,0,0,0,0
09/01/2013,,0,0,0,0,0
10/01/2013,,0,0,0,0,0
11/01/2013,,0,0,0,0,0
12/01/2013,,0,0,0,0,0
13/01/2013,,0,0,0,0,0
14/01/2013,,0,0,0,0,0
15/01/2013,,0,0,0,0,0
16/01/2013,,0,0,0,0,0
17/01/2013,,0,0,0,0,0
18/01/2013,,0,0,0,0,0
19/01/2013,,0,1.1,0,0,0
20/01/2013,,0,0,0,0,0
21/01/2013,,0,0,0,0,0
22/01/2013,,0,0,0,0,0
23/01/2013,,0,0,0,0,0
24/01/2013,,0,0,0,0,0
25/01/2013,,0,0,0,0,0
26/01/2013,,0,0,0,0,0
27/01/2013,,0,0,0,0,0
28/01/2013,,0,0,0,0,0
29/01/2013,,0,0,0,0,0
30/01/2013,,0,0,0,0,0
31/01/2013,,0,0,0,0,0
01/02/2013,,0,0,0,0,0
02/02/2013,,0,0,0,0,0
03/02/2013,,0,0,0,0,0
04/02/2013,,0,0,0,0,0
05/02/2013,,0,0,0,0,0
06/02/2013,,0,0,0,0,0
07/02/2013,,0,0,0,0,0
08/02/2013,,0,0,0,0,0
09/02/2013,,0,0,0,0,0
10/02/2013,,0,0,0,0,0
11/02/2013,,0,0,0,0,0
12/02/2013,,0,0,0,0,0
13/02/2013,,0,0,0,0,0
14/02/2013,,0,0,0,0,0
15/02/2013,,0,0,0,0,0
16/02/2013,,0,0,0,0,0
17/02/2013,,0,0,0,0,0
18/02/2013,,0,0,0,0,0
19/02/2013,,0,0,0,0,0
20/02/2013,,0,0,0,0,0
21/02/2013,,0,0,0,0,0
22/02/2013,,0,0,0,0,0
23/02/2013,,0,0,0,0,0
24/02/2013,,0,0,0,0,0
25/02/2013,,0,0,0,0,0
26/02/2013,,0,0,0,0,0
27/02/2013,,0,0,0,0,0
28/02/2013,,0,0,0,0,0
01/03/2013,,0,0,0,0,0
02/03/2013,,0,0,0,0,0
03/03/2013,,0,0,0,0,0
04/03/2013,,0,0,0,0,0
05/03/2013,,0,0,0,5,0
06/03/2013,,0,0,0.6,0,0
07/03/2013,,0,0,0,0,0
08/03/2013,,0,0,1,0,1.5
09/03/2013,,0,0,0,0,0
10/03/2013,,0,0,0,0,0
11/03/2013,,0,0,0,0,0
12/03/2013,,0,0,0,0,26.8
13/03/2013,,0,0,1,0,6.7
14/03/2013,,0,11.4,0,0,1.3
15/03/2013,,0,0,0,1.8,0
16/03/2013,,0,0,0,0,0
17/03/2013,,0,0,0,0,0
18/03/2013,,0,0,0,0,0
19/03/2013,,0,0,0,0,0
20/03/2013,,0,0,0,0,0
21/03/2013,,0,0,0,0,0
22/03/2013,,0,0,0,0,0
23/03/2013,,0,0,0,0,0
24/03/2013,,0,0,0,0,0
25/03/2013,,0,0,0,0,0
26/03/2013,,0,0,0,0,0
27/03/2013,,0,0,0,0,0
28/03/2013,,0,0,0,0,0
29/03/2013,,0,0,0,0,0
30/03/2013,,0,0,0,0,0
31/03/2013,,0,0,0,0,0
01/04/2013,,0,0,0,0,0
02/04/2013,,0,0,0,0,0
03/04/2013,,0,0,0,0,0
04/04/2013,,0,0,0,0,0
05/04/2013,,0,0,0,0,0
06/04/2013,,0,0,0,0,0
07/04/2013,,0,0,0,0,0
08/04/2013,,0,0,0,0,0
09/04/2013,,0,0,0,0,0
10/04/2013,,0,0,0,0,0
11/04/2013,,0,0,0,0,0
12/04/2013,,0,0,0,0,0
13/04/2013,,0,0,0,0,0
14/04/2013,,0,11.4,0,0,0
15/04/2013,,0,0,0,3.6,0
16/04/2013,,0,0,0,0.3,0
17/04/2013,,0,0,5.3,0,0
18/04/2013,,0,0,0,0,16.2
19/04/2013,,0,0,2.6,0,1.6
20/04/2013,,0,0,0,0,0
21/04/2013,,0,0,2.2,0,0
22/04/2013,,0,0,0,0,0
23/04/2013,,0,0,0,0,0
24/04/2013,,0,0,0,0,0
25/04/2013,,0,0,0,0,0
26/04/2013,,0,0,0,0,0
27/04/2013,,0,0,0,0,0
28/04/2013,,0,0,0,0,0
29/04/2013,,0,0,0,0,0
30/04/2013,,0,0,0,0,0
01/05/2013,,0,0,0,0,0
02/05/2013,,0,0,0,0,0
03/05/2013,,0,0,0,0,0
04/05/2013,,0,0,0,0,0
05/05/2013,,0,0,0,0,0
06/05/2013,,0,0,0,0,0
07/05/2013,,0,0,0,0,0
08/05/2013,,0,0,0,0,0
09/05/2013,,0,0,0,0,0
10/05/2013,,0,0,0,0,0
11/05/2013,,0,3.7,1,1.7,1.5
12/05/2013,,0,4.8,0.6,0.7,0
13/05/2013,,0,0,25.1,17.6,14.2
14/05/2013,,0,0,0,0,0
15/05/2013,,0,11.6,0,0,0
16/05/2013,,0,0.4,5.2,0,0
17/05/2013,,0,0,0,0,0
18/05/2013,,0,0,0,0,0
19/05/2013,,8.2,0.3,3.7,0.8,0
20/05/2013,,0,0,0,1.6,0
21/05/2013,,0,0.3,4.8,5,13.5
22/05/2013,,0,3.1,4.9,0,5.3
23/05/2013,,0,0.9,1.5,0,2.3
24/05/2013,,0,30.1,1.7,15,0
25/05/2013,,0,9,19.7,0,0
26/05/2013,,0,3.2,0,0.4,0
27/05/2013,,5.2,0,0,0,0
28/05/2013,,0,11,1.6,0,0
29/05/2013,,0,0,0,0,0
30/05/2013,,0,19.1,0,0,0
31/05/2013,,0,5.4,0,0,0
01/06/2013,,0,11.6,5.3,0,6.8
02/06/2013,,10,0,3,0,0
03/06/2013,,7,0,0,0,0
04/06/2013,,0,0,0,0,0
05/06/2013,,8.6,0,0,0,14.8
06/06/2013,0,1,0,0,30.8,2.5
07/06/2013,10.6,50,8.8,23.4,0,5.2
08/06/2013,1.3,11,0,0,0,0
09/06/2013,0,0,0,3.8,5.2,0
10/06/2013,8.4,0,35.2,0.3,0,0
11/06/2013,10.2,0,0,0,0,0
12/06/2013,9.1,5.3,0,2.5,11,7.8
13/06/2013,31.2,3,5.2,12.3,0,24.5
14/06/2013,9,22,2.1,33.4,2,12.3
15/06/2013,32.3,0,5.7,3,29.5,6.8
16/06/2013,9.6,0,0,0.4,2.6,0
17/06/2013,0,0,0,0,0,0
18/06/2013,0,0,0,0,10,0
19/06/2013,0,10,6.3,18.3,4.2,14.2
20/06/2013,16.3,0,0.4,0.3,3.7,3.5
21/06/2013,7.2,20,0,3.1,0,0
22/06/2013,14,0,18.1,21.5,,6.7
23/06/2013,5.7,0,6.3,0,4.2,0
24/06/2013,15.5,0,0.7,1.8,1.3,4.7
25/06/2013,5.5,10,9.1,2.3,1.5,3.2
26/06/2013,21.5,8.3,21.4,4.4,10.4,3.5
27/06/2013,6.4,6.4,0,1.5,5.6,15.2
28/06/2013,1.3,0,0,1.7,19,16.3
29/06/2013,16.3,15.2,12.8,11,8.6,24.5
30/06/2013,18,5,3.4,1.3,0.3,28.2
01/07/2013,13.4,12,4.1,15,0.4,23.5
02/07/2013,5.6,0,0.6,0,0,0
03/07/2013,7.3,0,7.7,3.7,10.2,83.4
04/07/2013,9.5,10.6,12.5,7.7,32.3,2.5
05/07/2013,21,1,2.7,0,11.9,4.3
06/07/2013,6.3,8,1.7,2.7,27.6,1.3
07/07/2013,16.1,10.3,0,30,0,4.5
08/07/2013,0,16,0,0,1.4,5.5
09/07/2013,0,10,12,1,25,0
10/07/2013,36.5,17,12.5,19.9,27,3.6
11/07/2013,17.4,5,12.7,0.8,6.1,28.1
12/07/2013,3.6,0,5.1,5.6,6.3,5.5
13/07/2013,13.1,0,21.2,11.2,13,3.5
14/07/2013,8.4,0,21.2,7.1,11.5,7.6
15/07/2013,6.3,5,13.1,26.9,32.3,55.6
16/07/2013,10.1,37,3.9,10,25.6,30
17/07/2013,14.1,10.5,17.1,3.9,7.2,3.2
18/07/2013,7.4,0,8.4,18.1,13,4.1
19/07/2013,11.3,19.3,0,0,3.3,8.7
20/07/2013,4.8,9,0,0,0,0
21/07/2013,18,0,3.8,1,0,0
22/07/2013,8.3,0,16.6,24.1,9.8,14.3
23/07/2013,16.7,0.5,28.1,1.5,18.7,10.8
24/07/2013,22.3,0,3.9,2.3,0.3,1.2
25/07/2013,14.5,30,23.1,5.9,9.4,5.1
26/07/2013,26.1,15,11,7.4,7.2,7.3
27/07/2013,33.4,0,8.6,0.2,3.4,9.4
28/07/2013,8.8,0,9.5,3.4,5.1,4.7
29/07/2013,4.3,1.2,7.1,12.6,8.6,9
30/07/2013,11.2,14,3.3,14.6,2.7,13.1
31/07/2013,13.8,22,6.1,7.8,9.3,10.2
01/08/2013,10.4,0,8.5,10.6,16.8,8.3
02/08/2013,22.3,10,15.5,6.1,4.3,12.3
03/08/2013,18.1,8.4,19,6.5,3.3,8.7
04/08/2013,25,22,9.5,0.7,18.3,3
05/08/2013,12.4,15,75.5,3.6,20,12.3
06/08/2013,12,7,36,4,5,11.5
07/08/2013,24.1,10.5,32.2,13.1,2.3,7.2
08/08/2013,22.4,0,18.5,1.3,20.4,4.5
09/08/2013,18.6,0,2,29.8,22.7,31.8
10/08/2013,16.6,6.4,10,6.8,10.3,8.9
11/08/2013,0,5.3,10,0.3,7.5,5.2
12/08/2013,8.4,6.1,3.5,1.8,10.2,22.8
13/08/2013,9.4,0,8.2,41.3,8.9,7.3
14/08/2013,6.8,0,92.5,16,1.3,17.4
15/08/2013,4.3,18,30.5,7.4,5,6.3
16/08/2013,25,5.6,8,24.8,21.8,44.3
17/08/2013,1,4.2,24.5,0,0,1.2
18/08/2013,31,0,60,2,1.2,0
19/08/2013,18.4,0,8.5,27.7,24.8,25.5
20/08/2013,14.2,0,25.7,2.3,6.4,20.5
21/08/2013,9.8,0,2.7,20.8,1.3,12.7
22/08/2013,11.7,15.1,12,6,0,0
23/08/2013,0,5,0,14.9,0,17.2
24/08/2013,0,0,7,2.5,7.3,1.3
25/08/2013,16.5,0,8.5,0.9,10.8,11.5
26/08/2013,9.2,18.4,8.7,8.9,2.4,37.3
27/08/2013,7.1,22,5.2,8.5,19.1,25.2
28/08/2013,4.5,21,19,9.7,1,16.7
29/08/2013,0,35.1,10,20.2,7.3,1
30/08/2013,8.4,15,12.3,3.2,3,0
31/08/2013,16.3,,5.2,7.8,3.7,0
01/09/2013,15.4,0,0.7,7.7,2.6,9.8
02/09/2013,19.7,10.5,7.4,0,7,1.5
03/09/2013,22,0,6.5,23.1,12.5,7.7
04/09/2013,25.6,0,0,0,0,0
05/09/2013,19.1,8.2,8.6,3.2,8.4,51.8
06/09/2013,8.4,9.5,4.5,9,17.2,15.8
07/09/2013,16.8,10.3,0,1.4,0.3,4.7
08/09/2013,7.5,0,0.8,0,0.2,0
09/09/2013,0,8.4,4.5,0,0,0
10/09/2013,0,0,1,2.6,1,0
11/09/2013,4.6,47,0.6,0,0,0
12/09/2013,2.3,20.3,0,0,0,0
13/09/2013,0,0,0.3,0,0,0
14/09/2013,0,0,9.9,1.8,0,0
15/09/2013,0,0,3.6,0,0,0
16/09/2013,6.4,0,5.7,0.8,0,13.2
17/09/2013,0,0,3.2,0,0,0
18/09/2013,2.1,0,11,3,0,0
19/09/2013,0,0,1.2,0,0,0
20/09/2013,0,0,1.5,1.9,0,0
21/09/2013,0,0,1.9,0,0,0
22/09/2013,0,0,0,0,0,0
23/09/2013,0,0,0,0,0,0
24/09/2013,0,0,0,0,0,0
25/09/2013,0,0,0.2,0,0,18.6
26/09/2013,0,0,1.8,0,0,1.2
27/09/2013,0,5,0,0,0,0
28/09/2013,0,0,0,0,0,4.8
29/09/2013,6.4,10.5,1.5,0,0,0
30/09/2013,8,6,0.1,8.8,0,0
01/10/2013,0,10.3,9.9,5.8,0,0
02/10/2013,0,0,6.1,0,19.2,0
03/10/2013,0,0,16.2,5.1,0,0
04/10/2013,8.1,8.4,3.7,0,0,0
05/10/2013,4.3,5.2,0,2,0.9,0
06/10/2013,1.4,0,0,9.6,2,0
07/10/2013,0,0,0,25,2.5,0
08/10/2013,0,0,0,0,0.3,0
09/10/2013,0,0,0,4.7,3.6,0
10/10/2013,0,6.2,0,0.8,0,0
11/10/2013,0,0,0,0,0,0
12/10/2013,0,0,2,0,0,0
13/10/2013,0,0,7.2,1,7.6,8.7
14/10/2013,0,0,0,0,0,2.1
15/10/2013,0,15.3,0,2,0,0
16/10/2013,0,0,0,0,0,0
17/10/2013,0,0,0.1,0,0,0
18/10/2013,0,20.5,7.9,0,0,0
19/10/2013,0,0,0,0,0,0
20/10/2013,0,0,0,0,0,0
21/10/2013,0,0.5,0,0,0,0
22/10/2013,0,0,0,0,0,0
23/10/2013,0,0,0,1.3,3,0
24/10/2013,0,0,0,3.9,0,0
25/10/2013,0,0,0,0,0,0
26/10/2013,0,0,0,0,0,0
27/10/2013,0,0,0,0,0,0
28/10/2013,0,0,0,1.6,0.9,0
29/10/2013,0,0,0,0,0,0
30/10/2013,0,0,0,0,0,0
31/10/2013,0,0,0,0,0,0
01/11/2013,0,0,0,0,0.2,0
02/11/2013,0,0,0,0,0,0
03/11/2013,0,0,0,0,0,0
04/11/2013,0,0,0.7,0,4,0
05/11/2013,0,0,0,0,0,0
06/11/2013,0,0,0,0,0,0
07/11/2013,0,0,0,1.6,0,0
08/11/2013,0,0,0,3.1,0,0
09/11/2013,10.4,0,0,8.4,0,6.8
10/11/2013,0,0,7.3,0,4,0
11/11/2013,8.1,0,4.6,0,0,0
12/11/2013,0,0,5.2,0,0,0
13/11/2013,0,0,0,0,0,0
14/11/2013,5.6,0,0,0,0,0
15/11/2013,0,0,0,1.7,4.6,0
16/11/2013,3.1,0,0,19.9,0,0
17/11/2013,0,0,1.8,6.1,0,9.2
18/11/2013,2.1,0,0,0,0,0
19/11/2013,0,0,0,0,0,0
20/11/2013,0,0,0,0,0,0
21/11/2013,0,0,0,0,0,0
22/11/2013,0,0,0,2.8,0,10.2
23/11/2013,0,0,0,0,0,18.3
24/11/2013,0,0,0,0,0,0
25/11/2013,0,0,0,0,0,5.8
26/11/2013,0,0,0,0,0,0
27/11/2013,0,0,0,0,0,0
28/11/2013,0,0,0,0,0,0
29/11/2013,0,0,0,0,0,0
30/11/2013,0,0,0,0,0,0
01/12/2013,0,,0,0,0,0
02/12/2013,0,,0,0,0,0
03/12/2013,0,,0,0,0,0
04/12/2013,0,,0,0,0,0
05/12/2013,0,,0,0,0,0
06/12/2013,0,,0,0,0,0
07/12/2013,0,,0,0,0,0
08/12/2013,0,,0,0,0,0
09/12/2013,0,,0,0,0,0
10/12/2013,0,,0,0,0,0
11/12/2013,0,,0,0,0,0
12/12/2013,0,,0,0,0,0
13/12/2013,0,,0,0,0,0
14/12/2013,0,,0,0,0,0
15/12/2013,0,,0,0,0,0
16/12/2013,0,,0,0,0,0
17/12/2013,0,,0,0,0,0
18/12/2013,0,,0,0,0,0
19/12/2013,0,,0,0,0,0
20/12/2013,0,,0,0,0,0
21/12/2013,0,,0,0,0,0
22/12/2013,0,,0,0,0,0
23/12/2013,0,,0,0,0,0
24/12/2013,0,,0,0,0,0
25/12/2013,0,,0,,0,0
26/12/2013,0,,0,0,0,0
27/12/2013,0,,0,0,0,0
28/12/2013,0,,0,0,0,0
29/12/2013,0,,0,0,0,0
30/12/2013,0,,0,0,0,0
31/12/2013,0,,,0,0,
01/01/2014,0,0,0,0,0,0
02/01/2014,0,0,0,0,0,0
03/01/2014,0,0,0,0,0,0
04/01/2014,0,0,0,0,0,0
05/01/2014,0,0,0,0,0,0
06/01/2014,0,0,0,0,0,0
07/01/2014,0,0,0,0,0,0
08/01/2014,0,0,0,0,0,0
09/01/2014,0,0,0,0,0,0
10/01/2014,0,0,0,0,0,0
11/01/2014,0,0,0,0,0,0
12/01/2014,0,0,0,0,0,0
13/01/2014,0,0,0,0,0,0
14/01/2014,0,0,0,0,0,0
15/01/2014,0,0,0,0,0,0
16/01/2014,0,0,0,0,0,0
17/01/2014,0,0,0,9.2,0,0
18/01/2014,0,0,0,0,0,0
19/01/2014,0,0,0,0,0,0
20/01/2014,0,0,0,0,0,0
21/01/2014,0,0,0,0,0,0
22/01/2014,0,0,0,0,0,0
23/01/2014,0,0,0,0,0,0
24/01/2014,0,0,0,0,0,0
25/01/2014,0,0,0,0,0,0
26/01/2014,0,0,0,0,0,0
27/01/2014,0,0,0,0,0,0
28/01/2014,0,0,0,0,0,0
29/01/2014,0,0,0,0,0,0
30/01/2014,0,0,0,0,0,0
31/01/2014,0,0,0,0,0,0
01/02/2014,0,0,0,0,0,0
02/02/2014,0,0,0,0,0,0
03/02/2014,0,0,0,0,0,0
04/02/2014,0,0,0,0,0,0
05/02/2014,0,0,0,0,0,0
06/02/2014,0,0,0,0,0,0
07/02/2014,0,0,0,0,0,0
08/02/2014,0,0,0,0,0,0
09/02/2014,0,0,0,0,0,0
10/02/2014,0,0,0,0,0,0
11/02/2014,0,0,0,0,0,0
12/02/2014,0,0,0,0,0,0
13/02/2014,0,0,0,0,0,0
14/02/2014,0,0,0,0,0,0
15/02/2014,0,0,0,0,0,0
16/02/2014,0,0,0,0,0,0
17/02/2014,0,0,0,0,0,0
18/02/2014,0,0,0,0,0,0
19/02/2014,0,0,0,0,0,0
20/02/2014,0,0,0,0,0,0
21/02/2014,0,0,0,0,0,0
22/02/2014,0,0,0,0,0,0
23/02/2014,0,0,0,0,0,0
24/02/2014,0,0,0,0,0,0
25/02/2014,0,0,0,0,0,0
26/02/2014,0,0,0,0,0,0
27/02/2014,0,0,0,0,0,0
28/02/2014,0,0,0.3,8.1,0,5.4
01/03/2014,,0,0,6.4,0,6.7
02/03/2014,,0,0,0,14.3,0.6
03/03/2014,,0,0.3,9.1,33.7,1.4
04/03/2014,,0,1.9,1,4.9,3.2
05/03/2014,,0,0.3,20.4,0,1.3
06/03/2014,,0,4.7,0,0,4.5
07/03/2014,,0,0,0,0,6.2
08/03/2014,,0,0,0,0,13.2
09/03/2014,,0,0,0,0,5.8
10/03/2014,,0,5.3,0,0,2.3
11/03/2014,,0,10.2,44.3,0,0
12/03/2014,,0,3.7,0,0,1.6
13/03/2014,,0,3.5,0,0,16.5
14/03/2014,,0,0.1,0,0,0
15/03/2014,,0,0,0,0,0
16/03/2014,,0,0,0,0,0
17/03/2014,,0,1.1,0,1.5,0
18/03/2014,,0,0,0,0,0
19/03/2014,,0,0,0,0,0
20/03/2014,,0,0,3.8,0,3.4
21/03/2014,,0,0,0,0,0
22/03/2014,,5.3,0,0,0,0
23/03/2014,,7.4,0,0,0,0
24/03/2014,,0,0,0,0,0
25/03/2014,,10.4,0,0,0,0
26/03/2014,,0,0,0,0,0
27/03/2014,,0,0,0,0,0
28/03/2014,,0,0,0,0,0
29/03/2014,,0,0,0,0,0
30/03/2014,,0,0,0,0,0
31/03/2014,,0,0,0,0,0
01/04/2014,0,0,0,0,0,0
02/04/2014,0,0,0,0,0,0
03/04/2014,0,0,0,0,0,0
04/04/2014,0,0,0,0,0,0
05/04/2014,0,0,0,0,0,0
06/04/2014,0,0,0,0,0,0
07/04/2014,0,0,0,0,0,0
08/04/2014,0,0,0,0,0,0
09/04/2014,0,0,0,0,0,8.4
10/04/2014,0,0,3.4,1.8,3.4,0
11/04/2014,3.6,0,8.7,7.4,1.5,21.2
12/04/2014,1.4,0,0.1,1.2,0.3,0
13/04/2014,0,0,0,0,0,0
14/04/2014,0,0,0,0,0,7.5
15/04/2014,0,0,0,2.3,1.1,0
16/04/2014,0,0,0,10.2,0,9.2
17/04/2014,0,0,0,5.3,0,1.5
18/04/2014,0,0,0,0,0,0
19/04/2014,0,0,0,0,0,0
20/04/2014,0,0,0,0,0,0
21/04/2014,0,0,0,0,0,0
22/04/2014,0,0,0.7,0,0,0
23/04/2014,9.7,0,0,0,0.3,0
24/04/2014,6.4,0,0,0,0,0
25/04/2014,0,0,1.4,0.3,0,0
26/04/2014,8.2,0,0,4.8,0,8.9
27/04/2014,0,0,20.8,8,0.2,0
28/04/2014,0,0,11.5,35.8,8,12.3
29/04/2014,0,0,1.3,0,0,5.1
30/04/2014,0,0,0,0,0,0
01/05/2014,0,0,0,0,0,3.4
02/05/2014,0,0,0,30.1,0,8.6
03/05/2014,0,0,0,0,11.7,0
04/05/2014,0,8.3,3.2,0,0,0
05/05/2014,0,0,0,2.2,0,0
06/05/2014,0,0,0,0,0,0
07/05/2014,20,5.2,17.6,3.1,18.8,9.4
08/05/2014,15.1,0,5.9,1.5,0,30.5
09/05/2014,3.1,0,0,0,24.5,11.1
10/05/2014,6.5,0,33.5,23.2,2.2,17.7
11/05/2014,2.3,0,1.9,11.1,26.2,0
12/05/2014,3,0,16.2,11.6,6.3,6.3
13/05/2014,0,0,8,0,0,10.4
14/05/2014,4,4,5.3,0,3.2,5.3
15/05/2014,0,2,0.6,15.4,2.3,0
16/05/2014,0,0,2.9,0.4,10.1,0
17/05/2014,7.3,0,4.3,0,6.3,3.1
18/05/2014,2.1,2,0,2,0,2.5
19/05/2014,6.1,17,0,0,0,4.3
20/05/2014,5.7,0,0,0,0,0
21/05/2014,41.4,0,14.6,0,0,66.8
22/05/2014,5.3,0,2.4,1.8,23.5,0
23/05/2014,0,0,4.1,0,3.2,5.6
24/05/2014,5.8,7,8.3,5,6.8,5.4
25/05/2014,7.2,0,8.4,2.1,22.9,5.8
26/05/2014,2.6,3.1,3.1,2.3,0,0
27/05/2014,0,80.9,8.2,0,0,0
28/05/2014,0,0.5,0,0,0,0
29/05/2014,0,21,0,0,0,0
30/05/2014,0,2.6,0,0,0,0
31/05/2014,0,0,11,0,6.3,0
01/06/2014,0,,0,0,1.3,0
02/06/2014,0,,6.8,0,0,0
03/06/2014,0,,0,0,0,0
04/06/2014,0,,3.8,0,0,0
05/06/2014,0,,4.5,4.5,0,0
06/06/2014,7.4,,3.9,6.5,0,0
07/06/2014,0,,0,0,0,0
08/06/2014,0,,0,0,0,0
09/06/2014,4.3,,29.3,10,0,0
10/06/2014,0,,2.4,2.4,26.2,8.5
11/06/2014,0,,2.9,3.7,0,22.2
12/06/2014,0,,5.4,5,6.5,0
13/06/2014,0,,0,0,0,0
14/06/2014,0,,0,0,26.3,0
15/06/2014,0,,0,0,8.9,0
16/06/2014,0,,11.8,8.5,9.9,0
17/06/2014,0,,7.4,0,6.7,0
18/06/2014,0,,0,0,3.6,0
19/06/2014,2.1,,3.9,8.5,0,0
20/06/2014,0,,5.1,0.3,1.1,0
21/06/2014,3,,0,0,0,0
22/06/2014,0,,3.9,9.6,2.3,0
23/06/2014,0,,0,4.3,2.2,20.8
24/06/2014,0,,2.6,9.7,0,0
25/06/2014,0,,0,0,1.4,0
26/06/2014,1.4,,5.2,15.1,3.1,0
27/06/2014,0,,0.8,0,4.3,6.4
28/06/2014,0,,23.3,2.1,5.9,0
29/06/2014,0,,2.7,6.7,4.2,
30/06/2014,0,,0.6,0,0.8,23.5
01/07/2014,0,8.6,4.8,0,11,0
02/07/2014,0,3,1.8,7,0,0
03/07/2014,0,8,20.6,0,1.4,13.5
04/07/2014,0,8.2,0,0.2,2,5.9
05/07/2014,0,8,34.9,0.2,16,4.2
06/07/2014,4.1,0,17.2,23.1,4.3,2.5
07/07/2014,2.3,0,8.9,4.2,1.2,0
08/07/2014,0,1.5,0.1,5.4,1,0
09/07/2014,0,8,1,0.4,19.3,0
10/07/2014,0,5.3,8.5,0,0,3.7
11/07/2014,6.8,2.3,2.4,2.2,14.2,0
12/07/2014,47.8,10,3.3,10.4,0,0
13/07/2014,0,0,0,0,0,0
14/07/2014,8.1,0,0.3,7.8,0,1.6
15/07/2014,14.3,6.4,2.3,0.2,0,6.5
16/07/2014,0,3.5,4.9,8.2,11.3,10.2
17/07/2014,4.2,15.2,0.2,2,2.5,12.2
18/07/2014,0,0,7.3,12.5,3.7,18.5
19/07/2014,0,0,7.5,0.2,1.6,0
20/07/2014,30.1,5.2,2.3,7.6,3,6.3
21/07/2014,35.5,23.2,13.7,11.4,5.4,6.4
22/07/2014,6.1,0,7.5,8.2,5.3,4.2
23/07/2014,0,3.4,0,0.4,0,0
24/07/2014,0,20.3,26.6,12.4,3.2,16.5
25/07/2014,0,18.1,0,1.2,0,4.2
26/07/2014,10.2,0.5,5.7,4.7,10,3.5
27/07/2014,18.2,30.6,12.9,12.6,3.7,0
28/07/2014,22.5,0,0.4,37.5,8.6,3.8
29/07/2014,7.4,8.5,11.9,6.3,4.2,3.1
30/07/2014,38.4,0,19.5,26.2,27.9,15.3
31/07/2014,18.3,0,20.2,17.8,9.8,10.5
01/08/2014,26.4,10.5,,8.8,0.8,15.2
02/08/2014,35.7,8.4,,19.7,7.6,19.2
03/08/2014,0,5.4,,31.6,10.9,19.9
04/08/2014,6.4,30.5,,11.8,15,26.2
05/08/2014,8.3,0,,4.7,3,29.9
06/08/2014,15.5,6.5,,10,27.2,15.2
07/08/2014,8.4,12.3,,21.6,19.2,10.3
08/08/2014,10.1,16,,0.3,4.5,5.5
09/08/2014,7.8,0,,17.9,20.3,0
10/08/2014,0,15.5,,1.3,12,0
11/08/2014,0,0,,0,0.8,0
12/08/2014,8.1,0.5,,7.1,10.7,25
13/08/2014,10.3,0,,13.7,9,2.2
14/08/2014,6.4,25,,1,0.9,4.2
15/08/2014,15.4,0,,7.8,1.2,32.8
16/08/2014,0,0,,32.4,0,3
17/08/2014,37.6,8.3,,19.5,10.1,10.2
18/08/2014,7.3,6.4,,0.6,20.2,20.4
19/08/2014,0,10.1,,22,10,9.8
20/08/2014,9.8,0,,4.7,0,0
21/08/2014,16.8,0,,11,1.8,5.8
22/08/2014,10.6,0,,2.4,3.2,10.2
23/08/2014,12.8,20.3,,18.7,10.2,22
24/08/2014,14,18.4,,0.2,12.2,8.5
25/08/2014,0,40,,3.1,0,0
26/08/2014,12.4,0,,16.9,13.4,18.2
27/08/2014,0,0,,0,1,0
28/08/2014,10.4,6.3,,2.4,0.4,8.9
29/08/2014,0,17,,1.7,9.8,4.5
30/08/2014,18.1,5.3,,21.6,22.5,7.3
31/08/2014,9.4,7,,19.3,7.1,2.3
01/09/2014,22.3,10.3,20,18.5,7.8,2.8
02/09/2014,25.1,8.4,17.5,8.9,2.1,0
03/09/2014,18.4,0,9.6,2.4,15.3,0
04/09/2014,12.8,0,6.8,20.1,0,18.2
05/09/2014,10.4,15,8.6,6.9,0.1,0
06/09/2014,0,0,8.8,13.6,18.9,12.3
07/09/2014,0,0,8.7,10.4,19.8,18.5
08/09/2014,0,0,9.1,1.5,1.4,1.2
09/09/2014,13,0,0,1.9,1.1,15.2
10/09/2014,8.4,0,4.4,16.6,8.7,12.5
11/09/2014,16.2,0,6,7.8,0,3.4
12/09/2014,10.4,0,4.2,0,5,0
13/09/2014,9.6,0.5,2.8,13.9,10.4,0
14/09/2014,14.2,0,0,0,0,5.3
15/09/2014,7.4,0,3.8,7.6,1.7,0
16/09/2014,6.8,0,5.4,17.3,14.5,8.2
17/09/2014,11,0,0.1,0.3,0.6,0
18/09/2014,0,0,0,0,0.7,0
19/09/2014,0,0,0,0,0,0
20/09/2014,0,0,0,0,0,0
21/09/2014,0,0,0,0,0,0
22/09/2014,0,0,0,0,0,0
23/09/2014,0,0,0.2,0,0,0
24/09/2014,0,0,1.6,2.3,0,0
25/09/2014,0,0,0,3.1,0,0
26/09/2014,0,0,0,0,0.5,0
27/09/2014,0,0,0,5.2,0.3,0
28/09/2014,4.5,0,7.9,0,0,0
29/09/2014,9.3,0,0,0.2,0,13.2
30/09/2014,10.4,0,1.8,0,0,0
01/10/2014,28.5,,,3,0,20.1
02/10/2014,4.3,,,5.5,5.6,0
03/10/2014,11,,,5.6,24.2,21.5
04/10/2014,0,,,2.3,1.3,0
05/10/2014,2.3,,,0,0.5,0
06/10/2014,0,,,0,0,0
07/10/2014,0,,,4.2,0.9,0
08/10/2014,0,,,8.9,5.4,0
09/10/2014,0,,,9,0,0
10/10/2014,0,,,0.3,0,0
11/10/2014,0,,,2,0,0
12/10/2014,0,,,0,0,0
13/10/2014,0,,,0,0,0
14/10/2014,0,,,0,0,0
15/10/2014,0,,,0,0,0
16/10/2014,0,,,0,0,0
17/10/2014,0,,,0,0,0
18/10/2014,0,,,0,0,0
19/10/2014,0,,,0,0,0
20/10/2014,0,,,0,0,0
21/10/2014,0,,,0,0,0
22/10/2014,0,,,0,0,0
23/10/2014,0,,,0,0,0
24/10/2014,0,,,0,0,0
25/10/2014,0,,,0,0,0
26/10/2014,0,,,0,0,0
27/10/2014,0,,,0,0,0
28/10/2014,0,,,0,0,0
29/10/2014,0,,,0,0,0
30/10/2014,0,,,0,0,0
31/10/2014,0,,,0,0,0
01/11/2014,0,,0,0,0,0
02/11/2014,0,,0,0,0,0
03/11/2014,0,,0,0,0,0
04/11/2014,0,,0,0,0,0
05/11/2014,0,,0,0,0,0
06/11/2014,0,,0,0,0,0
07/11/2014,0,,0,0,0,0
08/11/2014,0,,0,0,0,0
09/11/2014,0,,0,0,0,4.1
10/11/2014,0,,0,0,0,5.2
11/11/2014,0,,0,0,0,3.9
12/11/2014,0,,0,0,0,7.6
13/11/2014,0,,0,0,0,0
14/11/2014,0,,0,0,0,0
15/11/2014,0,,0,0,0,0
16/11/2014,0,,0,0,0,0
17/11/2014,0,,0,0,0,0
18/11/2014,0,,0,14.5,0,0
19/11/2014,0,,0,0,1.1,0
20/11/2014,1.4,,0,3.1,0.2,0
21/11/2014,2.8,,0,0,0,0
22/11/2014,6.7,,0,0,0,0
23/11/2014,0,,0,0,0,0
24/11/2014,0,,0,0,0,0
25/11/2014,0,,0,0,0,0
26/11/2014,0,,0,0,0,0
27/11/2014,0,,0,0,0,0
28/11/2014,0,,0,0,0,0
29/11/2014,0,,0,0,0,0
30/11/2014,0,,0,0,0,0
01/12/2014,0,,,0,0,0
02/12/2014,0,,,0,0,0
03/12/2014,0,,,0,0,0
04/12/2014,0,,,0,0,0
05/12/2014,0,,,0,0,0
06/12/2014,0,,,0,0,0
07/12/2014,0,,,0,0,0
08/12/2014,0,,,0,0,0
09/12/2014,0,,,0,0,0
10/12/2014,0,,,0,0,0
11/12/2014,0,,,0,0,0
12/12/2014,0,,,0,0,0
13/12/2014,0,,,0,0,0
14/12/2014,0,,,0,0,0
15/12/2014,0,,,0,0,0
16/12/2014,0,,,0,0,0
17/12/2014,0,,,0,0,0
18/12/2014,0,,,0,0,0
19/12/2014,0,,,0,0,0
20/12/2014,0,,,0,0,0
21/12/2014,0,,,0,0,0
22/12/2014,0,,,0,0,0
23/12/2014,0,,,0,0,0
24/12/2014,0,,,0,0,0
25/12/2014,0,,,0,0,0
26/12/2014,0,,,0,0,0
27/12/2014,0,,,0,0,0
28/12/2014,0,,,0,0,0
29/12/2014,0,,,0,0,0
30/12/2014,0,,,0,0,0
31/12/2014,0,,,0,0,0
