Datetime,Ak,BT,We,Sh,Be
01-01-87 9:33,0,0,0,0,0
02-01-87 9:34,0,0,0,0,0
03-01-87 9:35,0,0,0,0,0
04-01-87 9:36,0,0,0,0,0
05-01-87 9:37,0,0,0,0,1.8
06-01-87 9:38,0,0,0,15.1,0
07-01-87 9:39,0,0,0,0,0
08-01-87 9:40,0,0,0,8.3,0
09-01-87 9:41,0,0,0,0,0
10-01-87 9:42,0,0,0,1.4,0
11-01-87 9:43,0,0,0,0,0
12-01-87 9:44,0,0,0,0,0
13-01-87 9:45,0,0,0,0,0
14-01-87 9:46,0,0,0,4.7,0
15-01-87 9:47,0,0,0,0,0
16-01-87 9:48,0,0,0,0,0
17-01-87 9:49,0,4.7,0,0,0
18-01-87 9:50,0,0,0,0,0
19-01-87 9:51,0,8.9,0,0,0
20-01-87 9:52,0,0,0,0.5,0
21-01-87 9:53,0,0,0,0,0
22-01-87 9:54,0,0,0,0,0
23-01-87 9:55,0,0,0,0,0
24-01-87 9:56,0,0,0,0,0
25-01-87 9:57,0,0,0,0,0
26-01-87 9:58,0,0,0,0,0.7
27-01-87 9:59,0,0,0,0,0
28-01-87 10:00,0,0,0,0,0
29-01-87 10:01,0,0,0,0,0
30-01-87 10:02,0,0,0,0,0
31-01-87 10:03,0,0,0,0,0
01-02-87 10:04,0,0,0,0,0
02-02-87 10:05,0,0,0,0,0
03-02-87 10:06,0,0,0,0,0
04-02-87 10:07,0,0,0,6.4,0
05-02-87 10:08,0,0,0,5.9,2.4
06-02-87 10:09,0,0,0,17.9,0
07-02-87 10:10,0,0,0,0,1.2
08-02-87 10:11,0,0,0,0,0
09-02-87 10:12,0,0,0,16.1,0
10-02-87 10:13,0,0,0,0,0
11-02-87 10:14,66.5,0,0,0,0
12-02-87 10:15,0,0,0,0,0
13-02-87 10:16,0,5.6,0,0,0
14-02-87 10:17,0,0,26.1,8.7,0
15-02-87 10:18,0,0,0,11.3,0
16-02-87 10:19,18,0,0,0,0
17-02-87 10:20,0,2.9,0,0,0
18-02-87 10:21,0,0,0,0,0.7
19-02-87 10:22,27,4.8,0,7.9,0
20-02-87 10:23,0,0,0,0,1.4
21-02-87 10:24,55,1.2,0,0.8,0
22-02-87 10:25,4,0,0,18.3,0
23-02-87 10:26,10,0,0,0,6.7
24-02-87 10:27,0,0,13.9,0,21.2
25-02-87 10:28,0,0,0,0,0
26-02-87 10:29,15.3,0,9.7,4.4,0
27-02-87 10:30,5,4.9,15.2,6.3,0
28-02-87 10:31,0,0,7.9,0,0
01-03-87 10:32,0,0,0,0,0
02-03-87 10:33,0,0,0,4.3,0
03-03-87 10:34,18,75.9,0,8.9,1.2
04-03-87 10:35,0,4.7,0,2.4,5.5
05-03-87 10:36,35.3,0,28.5,1.3,25
06-03-87 10:37,16,38.7,9.7,0,3.5
07-03-87 10:38,65.3,0,11.4,0,15.9
08-03-87 10:39,0,0,0,39.6,3.4
09-03-87 10:40,12.7,11.6,37.1,27.2,7.4
10-03-87 10:41,6.4,6.3,9.5,8.1,6.3
11-03-87 10:42,0,0,0,4.3,0
12-03-87 10:43,0,18.9,26.8,0,0
13-03-87 10:44,17.5,0,23.7,0,27.8
14-03-87 10:45,0,8.6,17.8,0,3.6
15-03-87 10:46,7.4,0,12.7,18.3,0
16-03-87 10:47,0,7.6,0.9,6.7,3.7
17-03-87 10:48,0,0,0,0,0
18-03-87 10:49,15.1,6.9,0,17.5,0
19-03-87 10:50,4.6,25.3,22.3,0,0
20-03-87 10:51,4.5,0,15.5,0,0
21-03-87 10:52,5.3,0,0.9,6.1,0
22-03-87 10:53,1.9,4.6,0,11.2,0
23-03-87 10:54,3.5,2.8,17.5,0,0
24-03-87 10:55,0,0,6.7,9.4,5.8
25-03-87 10:56,0,0,35.6,16.4,0
26-03-87 10:57,0,5.9,4.7,0,0
27-03-87 10:58,0,8.1,0.9,8.3,0
28-03-87 10:59,0,0,17.5,3.7,1
29-03-87 11:00,0,6.3,0,10.3,8.1
30-03-87 11:01,4.2,0,9.9,0,0.4
31-03-87 11:02,4,0,27.8,0,0
01-04-87 11:03,0,2.6,na,0,0
02-04-87 11:04,6.1,0,na,8.2,0
03-04-87 11:05,0,0,na,0,0.4
04-04-87 11:06,0,0,na,6.1,0
05-04-87 11:07,5.2,0,na,1.2,0.6
06-04-87 11:08,21.8,4.8,na,4.3,0.8
07-04-87 11:09,5,0,na,23.5,28.3
08-04-87 11:10,16.6,5.1,na,12.7,16
09-04-87 11:11,15.6,6.2,na,4.5,21.5
10-04-87 11:12,0,0,na,0.9,0
11-04-87 11:13,4,3.8,na,1.7,3.8
12-04-87 11:14,0,2.6,na,8.4,3.2
13-04-87 11:15,0,24.6,na,0,0
14-04-87 11:16,0,1.9,na,0,3.2
15-04-87 11:17,0,6.1,na,12.3,4.8
16-04-87 11:18,0,0,na,1.9,1.5
17-04-87 11:19,0,0,na,7.4,38.8
18-04-87 11:20,0,0.6,na,0,15.2
19-04-87 11:21,1.5,4.8,na,6.1,0.2
20-04-87 11:22,0,15.2,na,13.2,5.3
21-04-87 11:23,0,0,na,0,0
22-04-87 11:24,0,0,na,0,0
23-04-87 11:25,0,0,na,0,0
24-04-87 11:26,0,0,na,0,0
25-04-87 11:27,0,0,na,0,0
26-04-87 11:28,0,0,na,0,0
27-04-87 11:29,0,0,na,0,0
28-04-87 11:30,0,0,na,0,0.4
29-04-87 11:31,0,0,na,0,0
30-04-87 11:32,0,0,na,0,0
01-05-87 11:33,0,0,0,0,0
02-05-87 11:34,0,0,0,0,0
03-05-87 11:35,0,0,0,0,0
04-05-87 11:36,0,0,0,13.2,0
05-05-87 11:37,4.5,0,0,14.1,6.8
06-05-87 11:38,13.8,0,0,8.7,4.4
07-05-87 11:39,0,2.8,28.7,0,0
08-05-87 11:40,30,0,26.6,27.2,6
09-05-87 11:41,0,2.5,0,18.1,3.6
10-05-87 11:42,2,0,14.9,7.6,0
11-05-87 11:43,31.4,0,22.5,9.4,36.8
12-05-87 11:44,0,36.2,0.9,0,2.8
13-05-87 11:45,4.6,1.8,17.9,33.7,0
14-05-87 11:46,0,1.9,0,12.9,12.8
15-05-87 11:47,0,0,0,8.5,0
16-05-87 11:48,0,0,0,0,0
17-05-87 11:49,0,2.3,0.5,16.2,35.6
18-05-87 11:50,24,0,14.7,0,3.2
19-05-87 11:51,28,0,19.5,14.1,12
20-05-87 11:52,52,17.8,11.7,57.3,18.7
21-05-87 11:53,39.5,47.3,9.8,8.5,31.5
22-05-87 11:54,19,38.2,0,13.2,0
23-05-87 11:55,1.5,0,15.7,22,0
24-05-87 11:56,40,62.8,19.5,19.1,3.4
25-05-87 11:57,0,48.9,0,11.7,72.9
26-05-87 11:58,0,7.9,67.7,8.9,25.5
27-05-87 11:59,7.5,11.4,27.1,16.3,3.4
28-05-87 12:00,1.5,8.5,8.9,7.1,0.7
29-05-87 12:01,0,10.9,0,27.8,1.7
30-05-87 12:02,12,0,0,19.3,53.5
31-05-87 12:03,1.5,37.5,18.6,16.7,31.1
01-06-87 12:04,0,0,0.9,16.2,4.1
02-06-87 12:05,6.5,0,17.5,0,2.3
03-06-87 12:06,0,0,0,0,0
04-06-87 12:07,0,4.8,22.7,0,0
05-06-87 12:08,0,0,19.9,0,0
06-06-87 12:09,0,12.6,0,6.7,0
07-06-87 12:10,0,0,42.2,8.1,0
08-06-87 12:11,12,3.5,22.7,42.2,56
09-06-87 12:12,0,0,0,0,0
10-06-87 12:13,0,0,0,0,0
11-06-87 12:14,0,0,15.9,0,0
12-06-87 12:15,0,0,7.2,0,0
13-06-87 12:16,0,0,0,0,0
14-06-87 12:17,0,0,0,0,0
15-06-87 12:18,0,0,0,0,0
16-06-87 12:19,0,0,0,0,0
17-06-87 12:20,0,0,0,0,0
18-06-87 12:21,0,0,0,0,0
19-06-87 12:22,5.2,0.3,7.3,0,16.5
20-06-87 12:23,0,0,0.9,0,22.2
21-06-87 12:24,0,0,0,0,0
22-06-87 12:25,0,0,0,0,0
23-06-87 12:26,0,0,0,0,0
24-06-87 12:27,0,0,0,0,0
25-06-87 12:28,0,0,0,0,0
26-06-87 12:29,0,0,0,0,0
27-06-87 12:30,0,0,0,0,0
28-06-87 12:31,0,0,0,0,0
29-06-87 12:32,1.8,0,0,0,4.7
30-06-87 12:33,28.5,5.3,7.7,0,2.4
01-07-87 12:34,0,21.8,15.6,0,6.4
02-07-87 12:35,0,0,1.9,0,0
03-07-87 12:36,0,0,0,0,0
04-07-87 12:37,8.5,0.5,0.8,0,0
05-07-87 12:38,8,11.6,13.7,0,0.6
06-07-87 12:39,20,0,19.5,0,0.6
07-07-87 12:40,0,0,17.5,0,0
08-07-87 12:41,0,2.5,1.8,1.3,0
09-07-87 12:42,0,0,15.9,0,12
10-07-87 12:43,16,2.7,7.7,0,0
11-07-87 12:44,0.5,6.7,0,0,0
12-07-87 12:45,0,4.2,0,0,0
13-07-87 12:46,0,0,9.2,0,0
14-07-87 12:47,0,0,0.9,0,0
15-07-87 12:48,0,0,0,0,0
16-07-87 12:49,11.4,0,11.5,0,0
17-07-87 12:50,0,0,0,0,0
18-07-87 12:51,0,0,0,0,0
19-07-87 12:52,0,0,0,0,0
20-07-87 12:53,0,0,0,0,0
21-07-87 12:54,0,0,0,0,18
22-07-87 12:55,0,14.4,3.3,0,0
23-07-87 12:56,20,7.8,0,0,5
24-07-87 12:57,0,0,0,0,0
25-07-87 12:58,0,0,0,0,0
26-07-87 12:59,0,0,0,0,0
27-07-87 13:00,0,0,0,0,0
28-07-87 13:01,0,0,0,0,0
29-07-87 13:02,0,0,0,0,0
30-07-87 13:03,0,0,0.9,0,0
31-07-87 13:04,0,0,0,0,0
01-08-87 13:05,0,0.2,0,0,0
02-08-87 13:06,0,0,11.2,0,0
03-08-87 13:07,5,0,9.6,0,0
04-08-87 13:08,0,0,0.8,0,0
05-08-87 13:09,0,0,0,0,0
06-08-87 13:10,25,0,5.5,0,0
07-08-87 13:11,0,0,0,0,0
08-08-87 13:12,0,0,0,16.3,0
09-08-87 13:13,0,0,0,9.1,0
10-08-87 13:14,0,0,0,4.3,0
11-08-87 13:15,30,0,0,0,0
12-08-87 13:16,0,0,18.7,11.2,0
13-08-87 13:17,38,0,0.9,7.5,6
14-08-87 13:18,35,0,0,3.4,0
15-08-87 13:19,10,0,17.7,8.1,5
16-08-87 13:20,0,0,0,17.5,4
17-08-87 13:21,10,0,0,23.1,0
18-08-87 13:22,0,13.8,0,18.6,0
19-08-87 13:23,0,14.2,0,10.2,16
20-08-87 13:24,0,6.4,15.6,0,0
21-08-87 13:25,11,0,18.7,0,40
22-08-87 13:26,15,0,24.5,17.2,0
23-08-87 13:27,20,0,17.9,29.1,15
24-08-87 13:28,10,2.6,9.7,9.3,0
25-08-87 13:29,0,0,0,12.1,0
26-08-87 13:30,6.5,0,0.7,6.3,0
27-08-87 13:31,0,1.7,0,5.7,8
28-08-87 13:32,0,0,5.5,8.9,0
29-08-87 13:33,0,0,0,0,0
30-08-87 13:34,16,0,0,18.5,0
31-08-87 13:35,0,0,0.9,9.7,0
01-09-87 13:36,30.2,5.1,14.7,0,0
02-09-87 13:37,0,0,23.5,0,0
03-09-87 13:38,0,0,13.2,14.9,6
04-09-87 13:39,0,0,15.5,11.2,3
05-09-87 13:40,0,6.4,0,25.2,2.3
06-09-87 13:41,32,0.5,0,8.8,0
07-09-87 13:42,0,0,0,19.2,0
08-09-87 13:43,0,0,0,0,0
09-09-87 13:44,0,0,0,10.1,0
10-09-87 13:45,60,0,0,0,0
11-09-87 13:46,68,0,0,8.1,28.1
12-09-87 13:47,0,4.8,0,11.7,0
13-09-87 13:48,30,6.9,11.7,0,0
14-09-87 13:49,0,0,10.5,0,18.7
15-09-87 13:50,5,4.8,7.7,19.2,8.7
16-09-87 13:51,0,0,0.5,15.7,0
17-09-87 13:52,0,5.9,0,13.2,0
18-09-87 13:53,0,0,0,0,0
19-09-87 13:54,15.5,6.1,0,8.5,0
20-09-87 13:55,0,4.9,9.5,1.1,0
21-09-87 13:56,0,0,0,4.3,0
22-09-87 13:57,0,0,0,0,0
23-09-87 13:58,16,7.2,8.2,0,19
24-09-87 13:59,0,0,0.7,0,2.6
25-09-87 14:00,0,7.5,15.5,0,0
26-09-87 14:01,0,0,0,0,0
27-09-87 14:02,0,0,0,10.1,0
28-09-87 14:03,13,4.1,0,6.3,0
29-09-87 14:04,8.8,0,0,7.5,0
30-09-87 14:05,0,7.5,0.9,11.2,0
01-10-87 14:06,0,4.2,9.8,11.2,0
02-10-87 14:07,20.5,0,16.5,16.2,0
03-10-87 14:08,0,0,7.9,0,8.4
04-10-87 14:09,0,6.2,0.8,4.5,0
05-10-87 14:10,0,0,0,6.7,0
06-10-87 14:11,0.5,3.1,0,13.1,4.2
07-10-87 14:12,0,0,0.5,9.4,0
08-10-87 14:13,0,4.7,0,45.3,0
09-10-87 14:14,0,0.7,0,0,0
10-10-87 14:15,0,0,0,0,4
11-10-87 14:16,0,24.5,9.5,0,0
12-10-87 14:17,0,0,0,0,8
13-10-87 14:18,0,4.8,0,0,0
14-10-87 14:19,0,0,0,0,0
15-10-87 14:20,0,0,0,0,0
16-10-87 14:21,0,5.9,0,0,0
17-10-87 14:22,0,0,0,0,0
18-10-87 14:23,0,0,0,0,0
19-10-87 14:24,0,0,0,0,0
20-10-87 14:25,0,0,0,0,0
21-10-87 14:26,0,0,0,0,8.4
22-10-87 14:27,0,0,0,16.1,46
23-10-87 14:28,0,3.7,0,7.5,0
24-10-87 14:29,0,0,0,0,0
25-10-87 14:30,0,4.9,0,13.5,4.3
26-10-87 14:31,21,0,0.5,0,8
27-10-87 14:32,21.1,0,0.4,0,5.2
28-10-87 14:33,0,7.6,11.8,0,0
29-10-87 14:34,0,22.4,0,0,0
30-10-87 14:35,0,0,0,0,24.9
31-10-87 14:36,0,0.9,0,0,0
01-11-87 14:37,0,0,0,na,0
02-11-87 14:38,0,0,0,na,0
03-11-87 14:39,0,0,0,na,0
04-11-87 14:40,0,0,0,na,0
05-11-87 14:41,0,0,0,na,0
06-11-87 14:42,0,0,0,na,0
07-11-87 14:43,0,0,0,na,0
08-11-87 14:44,0,0,0,na,0
09-11-87 14:45,0,0,0,na,0
10-11-87 14:46,0,0,0,na,0
11-11-87 14:47,0,0,0,na,0
12-11-87 14:48,0,0,0,na,0
13-11-87 14:49,0,0,0,na,0
14-11-87 14:50,0,0,0,na,0
15-11-87 14:51,0,0,0,na,0
16-11-87 14:52,0,0.6,0,na,0
17-11-87 14:53,0,0,0,na,5.2
18-11-87 14:54,0,0,0,na,0
19-11-87 14:55,0,0,0,na,2.4
20-11-87 14:56,0,0,0,na,4.2
21-11-87 14:57,0,6.1,0,na,0
22-11-87 14:58,0,0,0,na,0
23-11-87 14:59,0,0.4,0,na,0
24-11-87 15:00,0,0,0,na,0
25-11-87 15:01,0,0,0,na,0
26-11-87 15:02,0,0,0,na,0
27-11-87 15:03,18.8,0,0,na,0
28-11-87 15:04,0,0,0,na,0
29-11-87 15:05,0,0,0,na,0
30-11-87 15:06,0,0,0,na,19
01-12-87 15:07,0,0,0,0,0
02-12-87 15:08,0,0,0,1.3,0
03-12-87 15:09,0,0,0,0,0.6
04-12-87 15:10,8.9,0,0,0,0
05-12-87 15:11,0,0,0,12.3,0
06-12-87 15:12,0,0,0,0,0
07-12-87 15:13,0,0,0,0,0
08-12-87 15:14,0,0,0,0,0
09-12-87 15:15,0,21.2,0,0,0
10-12-87 15:16,0,0,0,0,0
11-12-87 15:17,0,0,0,0,0
12-12-87 15:18,0,0,0,0,0
13-12-87 15:19,0,0,0,0,0
14-12-87 15:20,0,0,0,0,0
15-12-87 15:21,0,0,0,0,0
16-12-87 15:22,0,0,0,0,0
17-12-87 15:23,0,0,0,0,0
18-12-87 15:24,0,0,0,0,0
19-12-87 15:25,0,0,0,0,0
20-12-87 15:26,0,0,0,0,0
21-12-87 15:27,0,0,0,0,0
22-12-87 15:28,0,0,0,0,0
23-12-87 15:29,0,0,0,0,0
24-12-87 15:30,0,0,0,0,0
25-12-87 15:31,0,0,0,8.7,0
26-12-87 15:32,0,0,0,34.3,0
27-12-87 15:33,0,0,0,0,0
28-12-87 15:34,0,0,0,0,0
29-12-87 15:35,0,0,0,0,0
30-12-87 15:36,0,0,0,0,0
31-12-87 15:37,0,0,0,0,0
01-01-88 15:38,0,6.5,0,0,0
02-01-88 15:39,0,0,0,0,0
03-01-88 15:40,0,0,0,0,0
04-01-88 15:41,0,0,0,0,0
05-01-88 15:42,0,0,0,0,0
06-01-88 15:43,0,0,0,0,0
07-01-88 15:44,0,0,0,0,0
08-01-88 15:45,0,0,0,16.3,0
09-01-88 15:46,0,0,0,0,0
10-01-88 15:47,0,0,0,0,0
11-01-88 15:48,0,0,0,0,0
12-01-88 15:49,0,0,0,0,0
13-01-88 15:50,0,0,0,0,0
14-01-88 15:51,0,0,0,0,0
15-01-88 15:52,0,0,0.3,0,0
16-01-88 15:53,0,0,0,0,0
17-01-88 15:54,26.8,0,0,0,5.2
18-01-88 15:55,0,0,0,19.2,0
19-01-88 15:56,0,6.8,0,0,2.4
20-01-88 15:57,0,0,0,6.5,4.2
21-01-88 15:58,3.1,2.6,0,0,0
22-01-88 15:59,0,0,0,0,0
23-01-88 16:00,0,0,0,0,0
24-01-88 16:01,0,0,0,0,0
25-01-88 16:02,0,0,0,0,0
26-01-88 16:03,0,0,0,0,0
27-01-88 16:04,0,0,0,0,0
28-01-88 16:05,0,0,0,0,0
29-01-88 16:06,0,0,0,0,0
30-01-88 16:07,0,0,0.5,0,0
31-01-88 16:08,0,2.9,7.8,0,0
01-02-88 16:09,18,0,6.7,0,0
02-02-88 16:10,0,1.3,0,0,0
03-02-88 16:11,0,0,0,7.1,0
04-02-88 16:12,0,0.9,3.9,8.7,0
05-02-88 16:13,0,4.5,0.7,13.2,0
06-02-88 16:14,0,6.8,0,6.1,0
07-02-88 16:15,0,0,0,0,0
08-02-88 16:16,0,0,0,0,0
09-02-88 16:17,0,2.3,5.6,1.9,0
10-02-88 16:18,0,0,7.2,6.5,0
11-02-88 16:19,0,0,1.3,13.2,0
12-02-88 16:20,4.5,0,12.3,0,0
13-02-88 16:21,5,4.8,4.1,9.5,0
14-02-88 16:22,5,0,0,11.6,15.6
15-02-88 16:23,3.2,0,0,7.5,0
16-02-88 16:24,0.7,2.6,0,3.2,0
17-02-88 16:25,0,0,3.2,1.1,0
18-02-88 16:26,0.5,5.4,0,16.3,0
19-02-88 16:27,0,0,0,0,0
20-02-88 16:28,0,0,0,0,0
21-02-88 16:29,0,0,0,0,2.3
22-02-88 16:30,3,0,0,0,0
23-02-88 16:31,0,5.9,0,0,0
24-02-88 16:32,4.5,0,15.6,7.5,2.3
25-02-88 16:33,13.2,3.7,0,6.3,6
26-02-88 16:34,8.2,0,0,4.3,1.3
27-02-88 16:35,0,0,0,6.5,0
28-02-88 16:36,8.7,0,0,0,0
29-02-88 16:37,0,7.3,0,0,0
01-03-88 16:38,1.8,3.8,6.7,0,0
02-03-88 16:39,0,0,0,0,0
03-03-88 16:40,0,9.4,0,1.5,1.1
04-03-88 16:41,0,0,0,6.3,0
05-03-88 16:42,0,4.7,0,7.4,13.6
06-03-88 16:43,0,0,0,6.2,2.1
07-03-88 16:44,0,0,0,11.7,2.3
08-03-88 16:45,0,0,0,0,0
09-03-88 16:46,0,0,0,0,0
10-03-88 16:47,0,0,0,0,0
11-03-88 16:48,0,0,0,0,2.6
12-03-88 16:49,0,0,0,0,0
13-03-88 16:50,0,0,0,0,0
14-03-88 16:51,0,0,0,0,0
15-03-88 16:52,0,0,0,0,0
16-03-88 16:53,0,0,0,0,0
17-03-88 16:54,0,0,0,0,0
18-03-88 16:55,0,0,0,9.1,0
19-03-88 16:56,0,0,0,0,4.2
20-03-88 16:57,0,2.3,0,0,0
21-03-88 16:58,0,11.3,0,0,6
22-03-88 16:59,0,0,0,0,5
23-03-88 17:00,15.5,0,14.5,0,0
24-03-88 17:01,17.7,0,2.7,13.2,0
25-03-88 17:02,0,1.5,0,0,2.1
26-03-88 17:03,0,0,0,0,0
27-03-88 17:04,0,0,0,0,0
28-03-88 17:05,0,0,0,0,0
29-03-88 17:06,0,0,0.9,0,0
30-03-88 17:07,0,0,0,0,0
31-03-88 17:08,0,0,0,0,0
01-04-88 17:09,0,0,0,0,0
02-04-88 17:10,0,0,0,0,0
03-04-88 17:11,0,6.9,0,0,0
04-04-88 17:12,0,0,0,0,0
05-04-88 17:13,0,2.8,2.6,2.3,0
06-04-88 17:14,0,0,0,13.8,0
07-04-88 17:15,14,0,5.5,0,0
08-04-88 17:16,18.5,26.2,0,9.3,23.7
09-04-88 17:17,15,0,7.9,6.7,3.7
10-04-88 17:18,13,0,12.5,4.3,0
11-04-88 17:19,0,0,0,0,4.7
12-04-88 17:20,0,0,16.1,12.5,0
13-04-88 17:21,4.5,2.9,37.3,9.1,0
14-04-88 17:22,0.8,6.3,15.5,0,67.2
15-04-88 17:23,4.4,4.7,19.7,0,6.9
16-04-88 17:24,0,0,0,22.7,13.6
17-04-88 17:25,0,3.8,9.9,8.1,0
18-04-88 17:26,6.5,0,2.6,7.2,3.7
19-04-88 17:27,0.1,8.9,0,0,0
20-04-88 17:28,4.6,6.7,7.5,0,2.3
21-04-88 17:29,41.4,0,0,11.3,0
22-04-88 17:30,2,0,29.8,8.5,1.4
23-04-88 17:31,9.9,0,0,31.2,22.1
24-04-88 17:32,0,0,0,6.2,4.3
25-04-88 17:33,3,0,0.5,17.5,0
26-04-88 17:34,2.9,0,22.6,0,0
27-04-88 17:35,1.5,0,19.8,0,0
28-04-88 17:36,0,0,24.5,8.2,0
29-04-88 17:37,0,0,18.2,14.3,0
30-04-88 17:38,10,4.7,9.8,9.5,22.1
01-05-88 17:39,0,4.8,17.9,12.1,2
02-05-88 17:40,0,0,0,7.3,1.5
03-05-88 17:41,0,1.7,0,0,1.3
04-05-88 17:42,0,0,0,0,0
05-05-88 17:43,0,0,0,0,0
06-05-88 17:44,0,0,0,0,0
07-05-88 17:45,0,0,0,0,0
08-05-88 17:46,0,0,0,0,0
09-05-88 17:47,0,0,0,0,0
10-05-88 17:48,0,0,0,0,0
11-05-88 17:49,0,3.7,25,0,0
12-05-88 17:50,7.9,0,14.2,0,4
13-05-88 17:51,26.5,3.5,17.9,0,3.1
14-05-88 17:52,0,21.4,12.7,19,64.1
15-05-88 17:53,0,0,19.5,0,1.5
16-05-88 17:54,0,0,0,22,2.6
17-05-88 17:55,0,0,0,12.3,0
18-05-88 17:56,0,0,5.2,7.1,0
19-05-88 17:57,0,0,0,6.2,0
20-05-88 17:58,0,0,0,0,0
21-05-88 17:59,0.4,0,0,0,0
22-05-88 18:00,0,0,0,8.1,0
23-05-88 18:01,0,3.8,0,9.1,0
24-05-88 18:02,0,0,0,0,0
25-05-88 18:03,0,0,0,0,0
26-05-88 18:04,0,0,0,0,0
27-05-88 18:05,0,0,0.7,0,0
28-05-88 18:06,0,0,0,0,0
29-05-88 18:07,0,0,0,0,0
30-05-88 18:08,0,0,0,0,0
31-05-88 18:09,0,0,0,0,0
01-06-88 18:10,0,0,5.2,0,0
02-06-88 18:11,0,0,0,11.2,0
03-06-88 18:12,0,0,27.6,9.9,0
04-06-88 18:13,0,3.5,18.5,7.2,10.5
05-06-88 18:14,26.2,0,0,0,8.2
06-06-88 18:15,24,0,28.9,8.2,20.3
07-06-88 18:16,0,33.9,13,4.3,0
08-06-88 18:17,4,0,0.9,0,0
09-06-88 18:18,0,2.7,0,0,0
10-06-88 18:19,0,0,0,19.2,0
11-06-88 18:20,0,0,0,6.7,0
12-06-88 18:21,0,0,7.7,13.4,4.5
13-06-88 18:22,6.5,16.2,38.8,9.5,12.4
14-06-88 18:23,0,4.1,0,19,17.5
15-06-88 18:24,0,0,0,0,0
16-06-88 18:25,0,13.6,0,0,0
17-06-88 18:26,0,0,7.3,0,0
18-06-88 18:27,0,0,0,0,0
19-06-88 18:28,0,0,0,0,0
20-06-88 18:29,0,0,0,0,0
21-06-88 18:30,1.2,0,0,0,0
22-06-88 18:31,0,0,0,0,0
23-06-88 18:32,0,0,7.1,0,0
24-06-88 18:33,0,0,13,29.6,0
25-06-88 18:34,5.4,4.6,0,13.2,0
26-06-88 18:35,0,0,6.9,6.1,0
27-06-88 18:36,0,0,0,0,0
28-06-88 18:37,23.3,0.9,7.7,17.2,0
29-06-88 18:38,12.3,14.7,0,8.1,30.8
30-06-88 18:39,0,13.9,0,7.2,10.9
01-07-88 18:40,0,0,0,0,15
02-07-88 18:41,0,4.6,0,0,0
03-07-88 18:42,4,0,9.5,0,4.2
04-07-88 18:43,3.4,3.7,0,4.7,0
05-07-88 18:44,0,0,0,2.2,0
06-07-88 18:45,1.5,0,0,5.1,0
07-07-88 18:46,0,8.4,21.9,0,0
08-07-88 18:47,0,6.5,0.8,6.2,0
09-07-88 18:48,4.2,0,14.5,13.7,0
10-07-88 18:49,2.4,0,17.9,19.4,4.4
11-07-88 18:50,5.7,0,19.8,5.2,0
12-07-88 18:51,0,4.7,0.5,0,0
13-07-88 18:52,4,0.3,15.9,7.8,0
14-07-88 18:53,0,0.8,8.8,7.1,0
15-07-88 18:54,5.3,4.9,2.6,4.2,0
16-07-88 18:55,19.3,46.8,0,13.4,3
17-07-88 18:56,5.1,39.2,12.5,8.3,50
18-07-88 18:57,5,2.2,0,5.1,16.4
19-07-88 18:58,3.2,0.9,7.5,22.3,50.3
20-07-88 18:59,4.3,18.3,0,0,0
21-07-88 19:00,5,0.2,0,1.8,10.2
22-07-88 19:01,0,0.9,0.7,11.1,15.4
23-07-88 19:02,3.2,4.6,0,9.4,30
24-07-88 19:03,3.5,24.6,0.9,16.2,0
25-07-88 19:04,5,0.4,15.3,0,0
26-07-88 19:05,4.6,4.9,0.7,9.7,0
27-07-88 19:06,2.3,22.2,0,1.2,6.4
28-07-88 19:07,4,8.2,3.9,4.5,4.4
29-07-88 19:08,7,0,12.7,7.4,10.3
30-07-88 19:09,0,3.8,2.9,16.3,8.4
31-07-88 19:10,8.2,4.7,18.8,4.5,16
01-08-88 19:11,11.5,2.8,9.9,12.3,50
02-08-88 19:12,8,0,0.8,8.1,8
03-08-88 19:13,20,6.4,12.7,16.2,10.6
04-08-88 19:14,30,7.9,8.9,1.2,20.4
05-08-88 19:15,40,2.5,17.8,0,30.2
06-08-88 19:16,7,0,13.5,0,5.3
07-08-88 19:17,9,33.9,58.6,0,4.6
08-08-88 19:18,0,5.8,27.2,0,0
09-08-88 19:19,10.2,4.6,15.5,12.1,0
10-08-88 19:20,20.2,0,22.2,8.8,0
11-08-88 19:21,0,0,17.5,3.2,0
12-08-88 19:22,15,0,0,0,0
13-08-88 19:23,20,0,0,6.4,0
14-08-88 19:24,15,0,0,3.1,0
15-08-88 19:25,25.2,0,18.8,0,0
16-08-88 19:26,10.5,0,0.7,0,0
17-08-88 19:27,0,0,0,0,0
18-08-88 19:28,0,26.4,0,0,0
19-08-88 19:29,0,3.2,22.4,2.1,0
20-08-88 19:30,0,0,0,2.6,0
21-08-88 19:31,30,0,0.8,9.1,0
22-08-88 19:32,20,3.7,16.5,0,0
23-08-88 19:33,4,6.5,0,0,0
24-08-88 19:34,5,0,0.8,17.1,0
25-08-88 19:35,0,0,0,0,0
26-08-88 19:36,0,0,0,9.7,0
27-08-88 19:37,0,0,0,6.1,0
28-08-88 19:38,10.3,0,0,0,0
29-08-88 19:39,60.5,0,0,0,50
30-08-88 19:40,62,0,0,0,0
31-08-88 19:41,43.5,0,0,0,0
01-09-88 19:42,0,3.8,67,0,0
02-09-88 19:43,10.3,0,19.8,0,0
03-09-88 19:44,15.5,9.4,0,0,0
04-09-88 19:45,20.2,0.7,0,61.3,0
05-09-88 19:46,19.6,0,0,5.4,0
06-09-88 19:47,23.2,0,0,8.1,0
07-09-88 19:48,20,0,0.6,16.2,0
08-09-88 19:49,10.5,0,15.7,0,0
09-09-88 19:50,30,6,9.8,0,0
10-09-88 19:51,0,0,0,0,0
11-09-88 19:52,30,0,0,0,0
12-09-88 19:53,20,0,8.8,7.5,0
13-09-88 19:54,10,0,0,0,0
14-09-88 19:55,5.5,0,9.9,0,0
15-09-88 19:56,0,0,0.5,1.5,0
16-09-88 19:57,0,0,0,0,0
17-09-88 19:58,0,10,0,0,0
18-09-88 19:59,11.4,0,0.9,61.3,0
19-09-88 20:00,21.3,0,3.7,17.6,0
20-09-88 20:01,30,2.3,15.6,5.2,0
21-09-88 20:02,0,11.3,12.7,0,0
22-09-88 20:03,0,0,8.5,37.3,0
23-09-88 20:04,0,0,4.2,0,0
24-09-88 20:05,1.2,0,17.9,16.2,0
25-09-88 20:06,6.4,1.5,12.7,11.9,0
26-09-88 20:07,0.9,0,9.8,44.3,0
27-09-88 20:08,0,0,0.6,0,0
28-09-88 20:09,0,0,11.9,19.8,0
29-09-88 20:10,21.2,0,0,9.4,0
30-09-88 20:11,0,0,0.8,22.1,0
01-10-88 20:12,0,0,0.9,23.1,0
02-10-88 20:13,2,0,0,0,0
03-10-88 20:14,0,4.5,0,0,98
04-10-88 20:15,4.7,0,0.4,19.1,40
05-10-88 20:16,23.5,0,0,13.2,10.2
06-10-88 20:17,10,0,0,9.8,8.1
07-10-88 20:18,0,1.6,0,16.4,6
08-10-88 20:19,14.1,0,0,31.2,0
09-10-88 20:20,3,0,0,11.6,2.1
10-10-88 20:21,3.7,4.8,0,8.3,0
11-10-88 20:22,0,0,0,9.1,0
12-10-88 20:23,0,0,0,17.7,0
13-10-88 20:24,14,0,42.4,13.8,0
14-10-88 20:25,1.3,5.6,12.1,0,20.2
15-10-88 20:26,25.8,4.2,21.8,24.1,0
16-10-88 20:27,11.7,5.2,51.2,8.5,0
17-10-88 20:28,9.6,8.6,0,17.9,0
18-10-88 20:29,50,4.9,0,12.6,0
19-10-88 20:30,0,20.9,0,0,0
20-10-88 20:31,0,0,0,0,0
21-10-88 20:32,0,0,0,0,10.6
22-10-88 20:33,0,0,0,0,0
23-10-88 20:34,0,1.4,0,0,0
24-10-88 20:35,0,0,0,0,6.2
25-10-88 20:36,0,0,0,0,0
26-10-88 20:37,0,0,0,0,0
27-10-88 20:38,0,0,0,0,0
28-10-88 20:39,0,0,0,0,0
29-10-88 20:40,0,0,0,0,0
30-10-88 20:41,0,0,0,0,0
31-10-88 20:42,0,0,0,0,201.4
01-11-88 20:43,0,0,0,0,0
02-11-88 20:44,0,0,0,0,0
03-11-88 20:45,0,0,0,0,0
04-11-88 20:46,0,0,0,0,0
05-11-88 20:47,0,0,0,0,0
06-11-88 20:48,0,0,0,0,0
07-11-88 20:49,0,0,0,0,0
08-11-88 20:50,0,0,0,0,0
09-11-88 20:51,0,0,0,0,0
10-11-88 20:52,0,0,0,0,0
11-11-88 20:53,0,0,0,0,0
12-11-88 20:54,0,0,0,0,0
13-11-88 20:55,0,0,0,0,0
14-11-88 20:56,0,0,0,0,0
15-11-88 20:57,0,0,0,0,0
16-11-88 20:58,0,0,0,0,0
17-11-88 20:59,0,0,0,0,0
18-11-88 21:00,0,0,0,0,0
19-11-88 21:01,0,0,0,0,0
20-11-88 21:02,0,0,0,0,0
21-11-88 21:03,0,0,0,0,0
22-11-88 21:04,0,0,0,0,0
23-11-88 21:05,0,0,0,0,0
24-11-88 21:06,0,0,0,0,0
25-11-88 21:07,0,0,0,0,0
26-11-88 21:08,0,0,0,0,0
27-11-88 21:09,0,0,0,0,0
28-11-88 21:10,0,0,0,0,0
29-11-88 21:11,0,0,0,0,0
30-11-88 21:12,0,0,0,0,0
01-12-88 21:13,0,0,0,0,0
02-12-88 21:14,0,0,0,0,0
03-12-88 21:15,0,0,0,0,0
04-12-88 21:16,0,0,0,0,0
05-12-88 21:17,0,0,0,0,0
06-12-88 21:18,0,0,0,0,0
07-12-88 21:19,0,0,0,0,0
08-12-88 21:20,0,0,0,0,0
09-12-88 21:21,0,0,0,0,0
10-12-88 21:22,0,0,0,0,0
11-12-88 21:23,0,0,0,1.1,3.4
12-12-88 21:24,0,0,0,0,0
13-12-88 21:25,0,0,0,0,0
14-12-88 21:26,0,0,0,0,0
15-12-88 21:27,0,0,0,0,0
16-12-88 21:28,0,0,0,0,0
17-12-88 21:29,0,0,0,0,0
18-12-88 21:30,1.1,0,0,0,0
19-12-88 21:31,0,0,0,0,0
20-12-88 21:32,0,0,0,0,0
21-12-88 21:33,0,0,0,0,0
22-12-88 21:34,0,0,0,0,0
23-12-88 21:35,0,0,0,0,0
24-12-88 21:36,0,0,0,0,0
25-12-88 21:37,0,0,0,0,0
26-12-88 21:38,0,0,0,0,0
27-12-88 21:39,0,0,0,0,0
28-12-88 21:40,0,0,0,0,0
29-12-88 21:41,0,0,0,0,0
30-12-88 21:42,0,0,0,0,0
31-12-88 21:43,0,0,0,0,0
01-01-89 21:44,0,na,0,0,0
02-01-89 21:45,0,na,0,0,0
03-01-89 21:46,0,na,0,0,0
04-01-89 21:47,0,na,0,0,0
05-01-89 21:48,0,na,0,0,0
06-01-89 21:49,0,na,0,0,0
07-01-89 21:50,0,na,0,0,0
08-01-89 21:51,0,na,0,0,0
09-01-89 21:52,0,na,0,0,0
10-01-89 21:53,0,na,0,0,0
11-01-89 21:54,0,na,0,0,0
12-01-89 21:55,0,na,0,0,30.5
13-01-89 21:56,0,na,0,0,0
14-01-89 21:57,0,na,0,0,0
15-01-89 21:58,0,na,0,0,0
16-01-89 21:59,0,na,0,0,26.2
17-01-89 22:00,0,na,0,0,0
18-01-89 22:01,0,na,0,0,0
19-01-89 22:02,0,na,7.5,0,0
20-01-89 22:03,0,na,0,0,0
21-01-89 22:04,6.3,na,0,0,0
22-01-89 22:05,0,na,0,0,0
23-01-89 22:06,0,na,0,0,0
24-01-89 22:07,0,na,0,0,0
25-01-89 22:08,0,na,0,0,0
26-01-89 22:09,0,na,0,0,0
27-01-89 22:10,0,na,0,0,0
28-01-89 22:11,0,na,0,0,0
29-01-89 22:12,0,na,0,0,0
30-01-89 22:13,0,na,0,0,0
31-01-89 22:14,0,na,0,0,0
01-02-89 22:15,0,0,0,19.1,0
02-02-89 22:16,1,0,0,0,0
03-02-89 22:17,1,0,0,17.8,0
04-02-89 22:18,8.7,0,0,28.2,0
05-02-89 22:19,19,0,17.5,35.4,10.6
06-02-89 22:20,64,0,23.7,61.9,20.4
07-02-89 22:21,0,0,26.5,0,60.5
08-02-89 22:22,0,0,17.3,0,0
09-02-89 22:23,0,0,0.9,0,0
10-02-89 22:24,0,0,0,0,0
11-02-89 22:25,0,0,0,0,0
12-02-89 22:26,0,0,0,0,10.6
13-02-89 22:27,0,0,0,0,0
14-02-89 22:28,0,0,0,0,0
15-02-89 22:29,0,0,0,0,0
16-02-89 22:30,0,1.3,0,0,0
17-02-89 22:31,0,0,0,0,0
18-02-89 22:32,0,0,0,0,0
19-02-89 22:33,0,21.4,0,0,0
20-02-89 22:34,0,0,0,0,0
21-02-89 22:35,0,0,0,0,0
22-02-89 22:36,0,2.4,0,0,0
23-02-89 22:37,0,0,0,0,0
24-02-89 22:38,0,0,0,0,0
25-02-89 22:39,0,0,0,0,0
26-02-89 22:40,0,0,0,0,0
27-02-89 22:41,0,0,0,0,0
28-02-89 22:42,0,0,0,0,0
01-03-89 22:43,0,0,0,0,0
02-03-89 22:44,0,0,0,0,0
03-03-89 22:45,0,0,0,0,0
04-03-89 22:46,0,0,0,0,0
05-03-89 22:47,0,0,0,0,0
06-03-89 22:48,0,0,0,0,0
07-03-89 22:49,0,0,0.9,0,0
08-03-89 22:50,0,0,6.3,0,0
09-03-89 22:51,6.4,0,9.2,0,0
10-03-89 22:52,0,0,0.3,0,0
11-03-89 22:53,3.8,0,6.9,0,0
12-03-89 22:54,3.4,0.3,7.2,0,0
13-03-89 22:55,0,0,0,13.1,0
14-03-89 22:56,0,0,0.5,11.2,0
15-03-89 22:57,18.9,0,4.2,0,0
16-03-89 22:58,2.1,0,0.9,0,0
17-03-89 22:59,2.4,0,0,6.1,0
18-03-89 23:00,0,0,0,4.5,3
19-03-89 23:01,2.4,1.6,0,0,14.9
20-03-89 23:02,0,0.4,0.8,0,0
21-03-89 23:03,21.6,0,17.4,2.6,0
22-03-89 23:04,5.6,7.2,0,4.6,2.2
23-03-89 23:05,5.4,0,0,1.1,4.2
24-03-89 23:06,0,0,0,0,0
25-03-89 23:07,1.5,0.5,0,2.6,0
26-03-89 23:08,0,0,0,1.9,0
27-03-89 23:09,0,0.3,0,4.5,0
28-03-89 23:10,18.4,0.2,7.6,0,0
29-03-89 23:11,8.4,17.9,0.9,0,0
30-03-89 23:12,9.7,30.9,23.5,3.4,0
31-03-89 23:13,4.4,19.8,15.7,1.7,0
01-04-89 23:14,7.8,13.6,29.7,0.8,0
02-04-89 23:15,0,0,0.8,1.9,6.2
03-04-89 23:16,0,0.9,0,2.5,8.1
04-04-89 23:17,22.3,0,0,1.4,24.6
05-04-89 23:18,0,9.3,0,7.2,0
06-04-89 23:19,0,8.6,0,11.1,0
07-04-89 23:20,1.1,5.9,0,0,0
08-04-89 23:21,0.8,7.5,32.6,6.5,0
09-04-89 23:22,0.7,4.9,0.9,9.2,40.6
10-04-89 23:23,0,11.8,0,8,0
11-04-89 23:24,14,0,17.7,0.9,0
12-04-89 23:25,0.5,16.3,0.9,2.1,0
13-04-89 23:26,0,4.7,0,4.4,0
14-04-89 23:27,0,16.4,0,3.8,0
15-04-89 23:28,4.7,8.6,0,16.1,0
16-04-89 23:29,0,24.5,0,7.8,0
17-04-89 23:30,0,4.6,7.7,3.4,0
18-04-89 23:31,0,13.1,9.3,0,0
19-04-89 23:32,18.8,1.7,10.8,0,0
20-04-89 23:33,10,4.2,15.2,0,0
21-04-89 23:34,0,0,0.9,6.5,20.4
22-04-89 23:35,7.8,16.4,7.9,4.6,10.6
23-04-89 23:36,13.3,20.2,11.2,4.2,8.1
24-04-89 23:37,22,3.6,9.7,0,0
25-04-89 23:38,0.5,0,15.3,13.2,0
26-04-89 23:39,0,0,12.9,9.4,0
27-04-89 23:40,1.3,23.1,0.7,0,5.5
28-04-89 23:41,0,0,0,0,0
29-04-89 23:42,0,0,0,3.2,0
30-04-89 23:43,0,0,0,1.1,0
01-05-89 23:44,0,0,0,0,0
02-05-89 23:45,0,6.4,0,0,0
03-05-89 23:46,0,5.7,0,0,0
04-05-89 23:47,0,0,0,0,0
05-05-89 23:48,0,0,0,0,0
06-05-89 23:49,0,0,0,0,0
07-05-89 23:50,0,0,0,3.2,0
08-05-89 23:51,0,0,0,5.7,0
09-05-89 23:52,0,0,0,11.9,0
10-05-89 23:53,0,0,0,0,0
11-05-89 23:54,0,0,0,0,40.9
12-05-89 23:55,0,0,0,6.5,0
13-05-89 23:56,0,0,0,0,0
14-05-89 23:57,3.6,0,0,7.4,0
15-05-89 23:58,14.2,12.2,3.5,0,0
16-05-89 23:59,0,0,19.7,4.5,0
18-05-89 0:00,4.2,2.3,2.5,0,0
19-05-89 0:01,0,7.3,0,0,0
20-05-89 0:02,0,0,0,0,0
21-05-89 0:03,5,0,0,7.3,0
22-05-89 0:04,0,0,0,4.1,0
23-05-89 0:05,35,0,0,6.2,0
24-05-89 0:06,1,0.8,0,0,0
25-05-89 0:07,0,0,0.9,0,13.6
26-05-89 0:08,1.5,0,6.5,0,0
27-05-89 0:09,0,28.4,0,0,30.2
28-05-89 0:10,2.2,0,0,0,4.2
29-05-89 0:11,0,3.7,0,0,0
30-05-89 0:12,0,0,0,11.4,0
31-05-89 0:13,0,0,0,0,0
01-06-89 0:14,0,0,0,0,0
02-06-89 0:15,0,0,0,4.5,0
03-06-89 0:16,4.2,1.5,0.9,0,0
04-06-89 0:17,0,7.2,13.5,0,0
05-06-89 0:18,0,68.1,0.9,0,0
06-06-89 0:19,0,0,0.7,6.4,0
07-06-89 0:20,0,4.6,0,0,55.6
08-06-89 0:21,0,35.5,0,0,38.8
09-06-89 0:22,42,59.6,24.3,7.6,0
10-06-89 0:23,1.2,0,15.1,1.4,0
11-06-89 0:24,1,4.9,13.7,5.2,8.1
12-06-89 0:25,3,0,9.8,21.5,0
13-06-89 0:26,19.7,0,0.7,3.4,12.7
14-06-89 0:27,6.3,4.9,0,0,0
15-06-89 0:28,0,5.2,0,6.4,0
16-06-89 0:29,0,0,0,0.9,0
17-06-89 0:30,0,0,0.8,1.3,0
18-06-89 0:31,16.4,0,35.6,0,0
19-06-89 0:32,0,4.3,0,0,0
20-06-89 0:33,0,0,0,0,0
21-06-89 0:34,0,0,0,0,0
22-06-89 0:35,0,0,0,0,0
23-06-89 0:36,0,0,9.5,0,0
24-06-89 0:37,0,0,17.2,13.2,0
25-06-89 0:38,0,0,0,9.4,0
26-06-89 0:39,0,0,22.5,0,0
27-06-89 0:40,8.8,0,0.9,11.2,0
28-06-89 0:41,0.6,9.9,0,0,0
29-06-89 0:42,0,0,17.3,7.8,0
30-06-89 0:43,0,0,0.7,1.8,0
01-07-89 0:44,0,0,0,16.3,0
02-07-89 0:45,17,0,na,1.2,0
03-07-89 0:46,0,0,na,13.2,16.6
04-07-89 0:47,0,0,na,6.4,0
05-07-89 0:48,3,0,na,0,0
06-07-89 0:49,7,0,na,9.3,0
07-07-89 0:50,0,0,na,4.6,0
08-07-89 0:51,30,1.3,na,2.1,0
09-07-89 0:52,7.8,6.4,na,9.7,0
10-07-89 0:53,0,4.2,na,18,15.2
11-07-89 0:54,0,0,na,0,0
12-07-89 0:55,19.3,0,na,5.7,20.1
13-07-89 0:56,4.4,11.3,na,14,0
14-07-89 0:57,5,0,na,1.5,0
15-07-89 0:58,6,19.6,na,2.1,0
16-07-89 0:59,12.5,0,na,13.2,0
17-07-89 1:00,0,6.3,na,9.2,16.4
18-07-89 1:01,3.4,0,na,6.5,0
19-07-89 1:02,0,21.7,na,7.3,40.4
20-07-89 1:03,3.5,0,na,0,0
21-07-89 1:04,0,0,na,3.1,0
22-07-89 1:05,9.6,2.5,na,8.4,0
23-07-89 1:06,0,0,na,16.2,0
24-07-89 1:07,0,0,na,0,0
25-07-89 1:08,0,0,na,0,0
26-07-89 1:09,0,0,na,0,0
27-07-89 1:10,0,0,na,0,0
28-07-89 1:11,0,2.8,na,0,0
29-07-89 1:12,0,0,na,0,0
30-07-89 1:13,6,0,na,0,0
31-07-89 1:14,4,0,na,0,0
01-08-89 1:15,0,0,na,0,0
02-08-89 1:16,0,0,9.5,0,0
03-08-89 1:17,0,0,0,0,0
04-08-89 1:18,0,0,0,3.4,0
05-08-89 1:19,0,0,0,0,0
06-08-89 1:20,0,0,0.8,16.3,0
07-08-89 1:21,0,0,0,0,0
08-08-89 1:22,3.4,0,9.5,0,0
09-08-89 1:23,0,8.2,0.7,0,10.6
10-08-89 1:24,0,0,0,7.8,6.2
11-08-89 1:25,8.7,1.5,0,0,0
12-08-89 1:26,0,0,0,2.4,0
13-08-89 1:27,17,2.3,0,0,0
14-08-89 1:28,11.1,0,8.9,0,40.2
15-08-89 1:29,0,0,0,0,10.4
16-08-89 1:30,0,0,0,0,0
17-08-89 1:31,1.5,0,0,0,0
18-08-89 1:32,0,0,0,1.9,0
19-08-89 1:33,0,7.8,0,6.4,0
20-08-89 1:34,0,0,0,3.7,0
21-08-89 1:35,0,5.8,0,8.2,0
22-08-89 1:36,0,0,9.5,0,0
23-08-89 1:37,2.5,0,0,0,0
24-08-89 1:38,0,0,19.3,0,0
25-08-89 1:39,0,0,0,6.5,0
26-08-89 1:40,29.4,0,0,1.4,0
27-08-89 1:41,5,0,0,0,0
28-08-89 1:42,0,0,0.9,7.5,0
29-08-89 1:43,0,0,25.7,2.4,0
30-08-89 1:44,3.5,0,19.5,1.2,0
31-08-89 1:45,17,3.1,17.8,10.1,0
01-09-89 1:46,9.1,0,16.5,0,0
02-09-89 1:47,9,6.6,9.1,1.2,27.8
03-09-89 1:48,8.5,0,0,0,21.4
04-09-89 1:49,4.5,0,0.8,0,0
05-09-89 1:50,1.5,6.1,0,0,0
06-09-89 1:51,8,0,9.9,6.2,0
07-09-89 1:52,0,16.9,7.5,9.1,4.6
08-09-89 1:53,1,0,12.9,4.5,2.7
09-09-89 1:54,21.5,1.6,15.5,0,0
10-09-89 1:55,0,0,9.7,0,0
11-09-89 1:56,4.2,0,0,16.2,6.3
12-09-89 1:57,0,25.5,0,4.3,0
13-09-89 1:58,0,0,0,7.8,0
14-09-89 1:59,0,23.9,1.9,1.9,0
15-09-89 2:00,4,0,18.5,2.8,0
16-09-89 2:01,10,0,9.9,19.7,0
17-09-89 2:02,3,0,0,1.8,19.1
18-09-89 2:03,18,5.3,0,0,0
19-09-89 2:04,0,0,0,0,0
20-09-89 2:05,0,1.3,0,0,20.1
21-09-89 2:06,8.2,0,0,13.4,46.3
22-09-89 2:07,0.3,0,0,9.1,0
23-09-89 2:08,0,11.3,0,18.2,0
24-09-89 2:09,5,0,9.9,23.5,40
25-09-89 2:10,3.4,13.3,0,7.2,0
26-09-89 2:11,0.1,11.2,12.7,0,21.3
27-09-89 2:12,0.5,0,8.5,0,0
28-09-89 2:13,6,0,27.7,13.4,0
29-09-89 2:14,8,8.5,0.8,6.5,0
30-09-89 2:15,0.6,2.4,0,3.2,0
01-10-89 2:16,9.4,3.8,0,9.1,0
02-10-89 2:17,4.5,0,0,16.1,0
03-10-89 2:18,0.3,1.8,0,0,0
04-10-89 2:19,0,0,0,0,0
05-10-89 2:20,0,0,0,0,0
06-10-89 2:21,0,0,0,0,0
07-10-89 2:22,0,0,0,0,0
08-10-89 2:23,0,0,0,0,0
09-10-89 2:24,0,0,0,0,0
10-10-89 2:25,0,0,0,0,0
11-10-89 2:26,0,0,0,0,40.6
12-10-89 2:27,0,3.1,0,0,34.2
13-10-89 2:28,0,4.6,0,0,0
14-10-89 2:29,0,8.4,0,0,0
15-10-89 2:30,0,4.2,0,0,0
16-10-89 2:31,0,5.2,0,0,0
17-10-89 2:32,0,17.1,0,0,0
18-10-89 2:33,13.2,21.3,0,14.7,0
19-10-89 2:34,33.5,7.9,6.7,33.3,0
20-10-89 2:35,24.3,0,59.4,30.7,0
21-10-89 2:36,2.4,0,17.5,8.6,0
22-10-89 2:37,6.1,0,0,12.3,0
23-10-89 2:38,0,0,0,17.1,29.1
24-10-89 2:39,0,0,0,0,0
25-10-89 2:40,0,0,0,0,0
26-10-89 2:41,0,0,0,0,0
27-10-89 2:42,0,0,0,0,0
28-10-89 2:43,0,0,0,0,0
29-10-89 2:44,0,0,0,0,0
30-10-89 2:45,0,0,0,0,0
31-10-89 2:46,0,0,0,1.9,0
01-11-89 2:47,0,0,0,11.4,0
02-11-89 2:48,0,0,0,0,0
03-11-89 2:49,0,0,0,0,33.4
04-11-89 2:50,0,0,0,0,0
05-11-89 2:51,0,0,0,0,0
06-11-89 2:52,0,0,0,0,0
07-11-89 2:53,0.4,0,0,0,0
08-11-89 2:54,0,0,0,0,0
09-11-89 2:55,0,0,0,0,0
10-11-89 2:56,0,0,0,0,0
11-11-89 2:57,0,0,0,0,0
12-11-89 2:58,0,2.5,0,0,0
13-11-89 2:59,0,3.8,0,0,0
14-11-89 3:00,0,2.3,0,0,0
15-11-89 3:01,0,0,0,0,0
16-11-89 3:02,0,0,0,0,0
17-11-89 3:03,0,0,0,0,0
18-11-89 3:04,0,0,0,0,0
19-11-89 3:05,0,0,0,0,0
20-11-89 3:06,0,4.7,0,0,0
21-11-89 3:07,0,0,0,0,0
22-11-89 3:08,0,2.9,0,0,0
23-11-89 3:09,0,0,0,0,0
24-11-89 3:10,0,0,0,1.5,0
25-11-89 3:11,0,0,0,3.4,0
26-11-89 3:12,1,0,0,7.8,0
27-11-89 3:13,0,0,0,0,0
28-11-89 3:14,0,0,0,0,0
29-11-89 3:15,0,0,0,4.2,24.6
30-11-89 3:16,0,0,0,0,0
01-12-89 3:17,0,0,0,0,0
02-12-89 3:18,0,0,0,0,0
03-12-89 3:19,0,0,0,0,0
04-12-89 3:20,0,0,0,0,0
05-12-89 3:21,0,0,0,0,0
06-12-89 3:22,3.7,0,2.2,0,0
07-12-89 3:23,15.7,0,0,0,0
08-12-89 3:24,17,0,0,55.6,0
09-12-89 3:25,25.5,0,0.4,42.4,6.4
10-12-89 3:26,3.2,0,0,6.2,31.4
11-12-89 3:27,16,0,0,11.3,0
12-12-89 3:28,0,0,0,8.9,0
13-12-89 3:29,1.4,0,0,0,0
14-12-89 3:30,0,0,0,0,0
15-12-89 3:31,0,0,0,0,6.2
16-12-89 3:32,3.3,0,0,21.5,23.2
17-12-89 3:33,3.5,0,0.2,18.6,0
18-12-89 3:34,1.6,0,0,8.7,0
19-12-89 3:35,0,0,0,1.6,na
20-12-89 3:36,0,0,3,2.4,na
21-12-89 3:37,0,0,0,0,na
22-12-89 3:38,0,0,0,0,na
23-12-89 3:39,3.8,0,0,0,na
24-12-89 3:40,0.6,0,0,21.4,na
25-12-89 3:41,4.2,0,0.3,9.8,na
26-12-89 3:42,3,0,12.4,6.4,na
27-12-89 3:43,4,0,7.2,13.2,na
28-12-89 3:44,0,0,0,1.2,na
29-12-89 3:45,0,0,0,4.5,na
30-12-89 3:46,0,0,0,13.4,na
31-12-89 3:47,0,0,0,0,na
